DWJZ,FSRQ,JZZZL,LJJZ
1.5430,2019-05-24,0.26,3.0800
1.5390,2019-05-23,-2.66,3.0760
1.5810,2019-05-22,-0.38,3.1180
1.5870,2019-05-21,1.47,3.1240
1.5640,2019-05-20,-2.19,3.1010
1.5990,2019-05-17,-2.32,3.1360
1.6370,2019-05-16,0.99,3.1740
1.6210,2019-05-15,4.58,3.1580
1.5500,2019-05-14,-0.83,3.0870
1.5630,2019-05-13,-0.57,3.1000
1.5720,2019-05-10,4.24,3.1090
1.5080,2019-05-09,-1.89,3.0450
1.5370,2019-05-08,-1.66,3.0740
1.5630,2019-05-07,1.69,3.1000
1.5370,2019-05-06,-6.28,3.0740
1.6400,2019-04-30,0.24,3.1770
1.6360,2019-04-29,0.80,3.1730
1.6230,2019-04-26,-1.04,3.1600
1.6400,2019-04-25,-0.91,3.1770
1.6550,2019-04-24,0.36,3.1920
1.6490,2019-04-23,0.73,3.1860
1.6370,2019-04-22,-0.91,3.1740
1.6520,2019-04-19,1.23,3.1890
1.6320,2019-04-18,0.62,3.1690
1.6220,2019-04-17,1.00,3.1590
1.6060,2019-04-16,1.26,3.1430
1.5860,2019-04-15,-0.31,3.1230
1.5910,2019-04-12,-0.25,3.1280
1.5950,2019-04-11,-2.33,3.1320
1.6330,2019-04-10,1.55,3.1700
1.6080,2019-04-09,0.56,3.1450
1.5990,2019-04-08,-0.25,3.1360
1.6030,2019-04-04,2.23,3.1400
1.5680,2019-04-03,0.06,3.1050
1.5670,2019-04-02,-1.20,3.1040
1.5860,2019-04-01,2.92,3.1230
1.5410,2019-03-29,4.33,3.0780
1.4770,2019-03-28,1.44,3.0140
1.4560,2019-03-27,2.25,2.9930
1.4240,2019-03-26,0.28,2.9610
1.4200,2019-03-25,-1.93,2.9570
1.4480,2019-03-22,-0.14,2.9850
1.4500,2019-03-21,-0.28,2.9870
1.4540,2019-03-20,-0.82,2.9910
1.4660,2019-03-19,-0.27,3.0030
1.4700,2019-03-18,4.85,3.0070
1.4020,2019-03-15,2.94,2.9390
1.3620,2019-03-14,-0.66,2.8990
1.3710,2019-03-13,-2.07,2.9080
1.4000,2019-03-12,1.23,2.9370
1.3830,2019-03-11,2.37,2.9200
1.3510,2019-03-08,-0.81,2.8880
1.3620,2019-03-07,-2.08,2.8990
1.3910,2019-03-06,-0.43,2.9280
1.3970,2019-03-05,0.79,2.9340
1.3860,2019-03-04,2.29,2.9230
1.3550,2019-03-01,2.81,2.8920
1.3180,2019-02-28,-0.08,2.8550
1.3190,2019-02-27,-0.23,2.8560
1.3220,2019-02-26,-1.05,2.8590
1.3360,2019-02-25,2.30,2.8730
1.3060,2019-02-22,0.38,2.8430
1.3010,2019-02-21,0.31,2.8380
1.2970,2019-02-20,0.15,2.8340
1.2950,2019-02-19,-0.38,2.8320
1.3000,2019-02-18,3.42,2.8370
1.2570,2019-02-15,-0.79,2.7940
1.2670,2019-02-14,0.88,2.8040
1.2560,2019-02-13,0.48,2.7930
1.2500,2019-02-12,0.64,2.7870
1.2420,2019-02-11,4.28,2.7790
1.1910,2019-02-01,1.28,2.7280
1.1760,2019-01-31,1.03,2.7130
1.1640,2019-01-30,-1.27,2.7010
1.1790,2019-01-29,1.03,2.7160
1.1670,2019-01-28,0.17,2.7040
1.1650,2019-01-25,0.43,2.7020
1.1600,2019-01-24,0.43,2.6970
1.1550,2019-01-23,0.87,2.6920
1.1450,2019-01-22,-1.38,2.6820
1.1610,2019-01-21,0.69,2.6980
1.1530,2019-01-18,2.85,2.6900
1.1210,2019-01-17,-0.27,2.6580
1.1240,2019-01-16,-0.27,2.6610
1.1270,2019-01-15,3.11,2.6640
1.0930,2019-01-14,-0.64,2.6300
1.1000,2019-01-11,1.20,2.6370
1.0870,2019-01-10,-0.18,2.6240
1.0890,2019-01-09,1.59,2.6260
1.0720,2019-01-08,-0.37,2.6090
1.0760,2019-01-07,1.03,2.6130
1.0650,2019-01-04,1.91,2.6020
1.0450,2019-01-03,-1.42,2.5820
1.0600,2019-01-02,-2.03,2.5970
1.0820,2018-12-31,,2.6190
1.0820,2018-12-28,1.50,2.6190
1.0660,2018-12-27,-0.28,2.6030
1.0690,2018-12-26,-0.65,2.6060
1.0760,2018-12-25,-0.19,2.6130
1.0780,2018-12-24,1.32,2.6150
1.0640,2018-12-21,-1.02,2.6010
1.0750,2018-12-20,0.09,2.6120
1.0740,2018-12-19,-2.01,2.6110
1.0960,2018-12-18,-0.36,2.6330
1.1000,2018-12-17,-0.54,2.6370
1.1060,2018-12-14,-1.60,2.6430
1.1240,2018-12-13,1.72,2.6610
1.1050,2018-12-12,0.91,2.6420
1.0950,2018-12-11,0.18,2.6320
1.0930,2018-12-10,-1.00,2.6300
1.1040,2018-12-07,-0.81,2.6410
1.1130,2018-12-06,-2.45,2.6500
1.1410,2018-12-05,0.88,2.6780
1.1310,2018-12-04,0.35,2.6680
1.1270,2018-12-03,3.39,2.6640
1.0900,2018-11-30,1.40,2.6270
1.0750,2018-11-29,-0.09,2.6120
1.0760,2018-11-28,1.51,2.6130
1.0600,2018-11-27,-0.66,2.5970
1.0670,2018-11-26,-0.19,2.6040
1.0690,2018-11-23,-1.29,2.6060
1.0830,2018-11-22,-0.18,2.6200
1.0850,2018-11-21,0.56,2.6220
1.0790,2018-11-20,-2.18,2.6160
1.1030,2018-11-19,0.55,2.6400
1.0970,2018-11-16,0.00,2.6340
1.0970,2018-11-15,0.18,2.6340
1.0950,2018-11-14,-0.99,2.6320
1.1060,2018-11-13,2.69,2.6430
1.0770,2018-11-12,0.56,2.6140
1.0710,2018-11-09,-0.74,2.6080
1.0790,2018-11-08,-0.19,2.6160
1.0810,2018-11-07,-0.64,2.6180
1.0880,2018-11-06,-0.64,2.6250
1.0950,2018-11-05,-1.26,2.6320
1.1090,2018-11-02,4.52,2.6460
1.0610,2018-11-01,1.92,2.5980
1.0410,2018-10-31,2.97,2.5780
1.0110,2018-10-30,-1.27,2.5480
1.0240,2018-10-29,-4.66,2.5610
1.0740,2018-10-26,-1.74,2.6110
1.0930,2018-10-25,-1.53,2.6300
1.1100,2018-10-24,-1.51,2.6470
1.1270,2018-10-23,-3.84,2.6640
1.1720,2018-10-22,4.09,2.7090
1.1260,2018-10-19,3.59,2.6630
1.0870,2018-10-18,-2.51,2.6240
1.1150,2018-10-17,0.27,2.6520
1.1120,2018-10-16,-0.89,2.6490
1.1220,2018-10-15,-2.01,2.6590
1.1450,2018-10-12,2.51,2.6820
1.1170,2018-10-11,-3.21,2.6540
1.1540,2018-10-10,-1.54,2.6910
1.1720,2018-10-09,0.17,2.7090
1.1700,2018-10-08,-4.18,2.7070
1.2210,2018-09-28,0.66,2.7580
1.2130,2018-09-27,-0.33,2.7500
1.2170,2018-09-26,2.35,2.7540
1.1890,2018-09-25,-0.17,2.7260
1.1910,2018-09-21,2.58,2.7280
1.1610,2018-09-20,0.35,2.6980
1.1570,2018-09-19,2.75,2.6940
1.1260,2018-09-18,2.18,2.6630
1.1020,2018-09-17,-0.72,2.6390
1.1100,2018-09-14,0.82,2.6470
1.1010,2018-09-13,-0.18,2.6380
1.1030,2018-09-12,-1.61,2.6400
1.1210,2018-09-11,-0.09,2.6580
1.1220,2018-09-10,-0.62,2.6590
1.1290,2018-09-07,1.35,2.6660
1.1140,2018-09-06,-1.68,2.6510
1.1330,2018-09-05,-2.16,2.6700
1.1580,2018-09-04,0.70,2.6950
1.1500,2018-09-03,0.00,2.6870
1.1500,2018-08-31,-2.04,2.6870
1.1740,2018-08-30,-0.42,2.7110
1.1790,2018-08-29,-0.42,2.7160
1.1840,2018-08-28,-0.59,2.7210
1.1910,2018-08-27,3.12,2.7280
1.1550,2018-08-24,-0.26,2.6920
1.1580,2018-08-23,0.17,2.6950
1.1560,2018-08-22,-1.11,2.6930
1.1690,2018-08-21,3.18,2.7060
1.1330,2018-08-20,0.27,2.6700
1.1300,2018-08-17,-1.57,2.6670
1.1480,2018-08-16,-2.46,2.6850
1.1770,2018-08-15,-2.89,2.7140
1.2120,2018-08-14,-0.08,2.7490
1.2130,2018-08-13,-0.49,2.7500
1.2190,2018-08-10,0.66,2.7560
1.2110,2018-08-09,3.42,2.7480
1.1710,2018-08-08,-2.82,2.7080
1.2050,2018-08-07,2.21,2.7420
1.1790,2018-08-06,-2.88,2.7160
1.2140,2018-08-03,-2.41,2.7510
1.2440,2018-08-02,-2.74,2.7810
1.2790,2018-08-01,-2.52,2.8160
1.3120,2018-07-31,0.61,2.8490
1.3040,2018-07-30,-1.73,2.8410
1.3270,2018-07-27,-0.30,2.8640
1.3310,2018-07-26,-0.89,2.8680
1.3430,2018-07-25,-0.67,2.8800
1.3520,2018-07-24,2.19,2.8890
1.3230,2018-07-23,-0.68,2.8600
1.3320,2018-07-20,0.38,2.8690
1.3270,2018-07-19,-0.67,2.8640
1.3360,2018-07-18,-0.96,2.8730
1.3490,2018-07-17,-1.17,2.8860
1.3650,2018-07-16,0.15,2.9020
1.3630,2018-07-13,2.02,2.9000
1.3360,2018-07-12,2.06,2.8730
1.3090,2018-07-11,-1.13,2.8460
1.3240,2018-07-10,0.38,2.8610
1.3190,2018-07-09,3.78,2.8560
1.2710,2018-07-06,0.87,2.8080
1.2600,2018-07-05,-1.72,2.7970
1.2820,2018-07-04,-1.23,2.8190
1.2980,2018-07-03,-2.04,2.8350
1.3250,2018-07-02,-1.85,2.8620
1.3500,2018-06-30,,2.8870
1.3500,2018-06-29,3.21,2.8870
1.3080,2018-06-28,-2.10,2.8450
1.3360,2018-06-27,-2.77,2.8730
1.3740,2018-06-26,-1.22,2.9110
1.3910,2018-06-25,0.00,2.9280
1.3910,2018-06-22,0.51,2.9280
1.3840,2018-06-21,-0.86,2.9210
1.3960,2018-06-20,2.12,2.9330
1.3670,2018-06-19,-3.39,2.9040
1.4150,2018-06-15,-0.28,2.9520
1.4190,2018-06-14,-2.00,2.9560
1.4480,2018-06-13,-0.69,2.9850
1.4580,2018-06-12,3.26,2.9950
1.4120,2018-06-11,-0.98,2.9490
1.4260,2018-06-08,-0.90,2.9630
1.4390,2018-06-07,-0.90,2.9760
1.4520,2018-06-06,0.28,2.9890
1.4480,2018-06-05,1.26,2.9850
1.4300,2018-06-04,1.71,2.9670
1.4060,2018-06-01,-1.47,2.9430
1.4270,2018-05-31,2.66,2.9640
1.3900,2018-05-30,0.36,2.9270
1.3850,2018-05-29,-0.79,2.9220
1.3960,2018-05-28,2.20,2.9330
1.3660,2018-05-25,0.66,2.9030
1.3570,2018-05-24,-0.15,2.8940
1.3590,2018-05-23,-1.59,2.8960
1.3810,2018-05-22,0.44,2.9180
1.3750,2018-05-21,-0.43,2.9120
1.3810,2018-05-18,0.80,2.9180
1.3700,2018-05-17,-1.15,2.9070
1.3860,2018-05-16,0.00,2.9230
1.3860,2018-05-15,0.73,2.9230
1.3760,2018-05-14,1.33,2.9130
1.3580,2018-05-11,-0.95,2.8950
1.3710,2018-05-10,1.03,2.9080
1.3570,2018-05-09,0.15,2.8940
1.3550,2018-05-08,0.82,2.8920
1.3440,2018-05-07,2.67,2.8810
1.3090,2018-05-04,0.85,2.8460
1.2980,2018-05-03,1.01,2.8350
1.2850,2018-05-02,1.66,2.8220
1.2640,2018-04-27,-0.47,2.8010
1.2700,2018-04-26,-2.31,2.8070
1.3000,2018-04-25,0.93,2.8370
1.2880,2018-04-24,2.88,2.8250
1.2520,2018-04-23,-1.03,2.7890
1.2650,2018-04-20,-0.55,2.8020
1.2720,2018-04-19,1.60,2.8090
1.2520,2018-04-18,0.24,2.7890
1.2490,2018-04-17,-2.12,2.7860
1.2760,2018-04-16,-0.47,2.8130
1.2820,2018-04-13,-1.23,2.8190
1.2980,2018-04-12,-0.61,2.8350
1.3060,2018-04-11,1.01,2.8430
1.2930,2018-04-10,1.81,2.8300
1.2700,2018-04-09,-0.78,2.8070
1.2800,2018-04-04,1.35,2.8170
1.2630,2018-04-03,0.56,2.8000
1.2560,2018-04-02,-0.16,2.7930
1.2580,2018-03-30,0.64,2.7950
1.2500,2018-03-29,2.63,2.7870
1.2180,2018-03-28,-3.10,2.7550
1.2570,2018-03-27,0.16,2.7940
1.2550,2018-03-26,0.24,2.7920
1.2520,2018-03-23,-1.88,2.7890
1.2760,2018-03-22,-2.00,2.8130
1.3020,2018-03-21,-0.84,2.8390
1.3130,2018-03-20,-0.08,2.8500
1.3140,2018-03-19,-0.08,2.8510
1.3150,2018-03-16,-1.05,2.8520
1.3290,2018-03-15,1.22,2.8660
1.3130,2018-03-14,0.15,2.8500
1.3110,2018-03-13,-0.91,2.8480
1.3230,2018-03-12,-0.15,2.8600
1.3250,2018-03-09,0.99,2.8620
1.3120,2018-03-08,1.94,2.8490
1.2870,2018-03-07,-0.23,2.8240
1.2900,2018-03-06,0.78,2.8270
1.2800,2018-03-05,-1.39,2.8170
1.2980,2018-03-02,-0.31,2.8350
1.3020,2018-03-01,0.85,2.8390
1.2910,2018-02-28,-0.92,2.8280
1.3030,2018-02-27,-2.03,2.8400
1.3300,2018-02-26,0.08,2.8670
1.3290,2018-02-23,-0.30,2.8660
1.3330,2018-02-22,2.70,2.8700
1.2980,2018-02-14,1.72,2.8350
1.2760,2018-02-13,0.79,2.8130
1.2660,2018-02-12,3.77,2.8030
1.2200,2018-02-09,-2.71,2.7570
1.2540,2018-02-08,2.20,2.7910
1.2270,2018-02-07,-3.61,2.7640
1.2730,2018-02-06,-2.08,2.8100
1.3000,2018-02-05,-2.55,2.8370
1.3340,2018-02-02,-0.37,2.8710
1.3390,2018-02-01,-2.33,2.8760
1.3710,2018-01-31,1.26,2.9080
1.3540,2018-01-30,-0.51,2.8910
1.3610,2018-01-29,-2.86,2.8980
1.4010,2018-01-26,0.72,2.9380
1.3910,2018-01-25,-0.29,2.9280
1.3950,2018-01-24,-0.92,2.9320
1.4080,2018-01-23,0.64,2.9450
1.3990,2018-01-22,3.71,2.9360
1.3490,2018-01-19,-1.75,2.8860
1.5460,2018-01-18,0.59,2.9130
1.5370,2018-01-17,-2.16,2.9040
1.5710,2018-01-16,0.90,2.9380
1.5570,2018-01-15,-0.26,2.9240
1.5610,2018-01-12,1.04,2.9280
1.5450,2018-01-11,-0.39,2.9120
1.5510,2018-01-10,0.78,2.9180
1.5390,2018-01-09,2.53,2.9060
1.5010,2018-01-08,1.15,2.8680
1.4840,2018-01-05,0.54,2.8510
1.4760,2018-01-04,1.03,2.8430
1.4610,2018-01-03,0.55,2.8280
1.4530,2018-01-02,0.62,2.8200
1.4440,2017-12-31,,2.8110
1.4440,2017-12-29,-0.21,2.8110
1.4470,2017-12-28,2.26,2.8140
1.4150,2017-12-27,-1.87,2.7820
1.4420,2017-12-26,-0.69,2.8090
1.4520,2017-12-25,-0.07,2.8190
1.4530,2017-12-22,-0.75,2.8200
1.4640,2017-12-21,0.83,2.8310
1.4520,2017-12-20,1.54,2.8190
1.4300,2017-12-19,0.99,2.7970
1.4160,2017-12-18,0.93,2.7830
1.4030,2017-12-15,-0.99,2.7700
1.4170,2017-12-14,0.00,2.7840
1.4170,2017-12-13,2.53,2.7840
1.3820,2017-12-12,-0.29,2.7490
1.3860,2017-12-11,3.20,2.7530
1.3430,2017-12-08,1.90,2.7100
1.3180,2017-12-07,-1.79,2.6850
1.3420,2017-12-06,-0.15,2.7090
1.3440,2017-12-05,-0.44,2.7110
1.3500,2017-12-04,2.35,2.7170
1.3190,2017-12-01,0.38,2.6860
1.3140,2017-11-30,-1.50,2.6810
1.3340,2017-11-29,-1.62,2.7010
1.3560,2017-11-28,1.65,2.7230
1.3340,2017-11-27,-2.20,2.7010
1.3640,2017-11-24,0.00,2.7310
1.3640,2017-11-23,-4.28,2.7310
1.4250,2017-11-22,-2.06,2.7920
1.4550,2017-11-21,2.11,2.8220
1.4250,2017-11-20,0.85,2.7920
1.4130,2017-11-17,-1.19,2.7800
1.4300,2017-11-16,2.36,2.7970
1.3970,2017-11-15,0.14,2.7640
1.3950,2017-11-14,-1.55,2.7620
1.4170,2017-11-13,-0.35,2.7840
1.4220,2017-11-10,2.01,2.7890
1.3940,2017-11-09,0.50,2.7610
1.3870,2017-11-08,-1.07,2.7540
1.4020,2017-11-07,-0.14,2.7690
1.4040,2017-11-06,2.93,2.7710
1.3640,2017-11-03,-0.44,2.7310
1.3700,2017-11-02,0.81,2.7370
1.3590,2017-11-01,-0.44,2.7260
1.3650,2017-10-31,0.07,2.7320
1.3640,2017-10-30,0.07,2.7310
1.3630,2017-10-27,1.19,2.7300
1.3470,2017-10-26,0.97,2.7140
1.3340,2017-10-25,1.68,2.7010
1.3120,2017-10-24,0.69,2.6790
1.3030,2017-10-23,1.40,2.6700
1.2850,2017-10-20,-0.70,2.6520
1.2940,2017-10-19,0.23,2.6610
1.2910,2017-10-18,0.94,2.6580
1.2790,2017-10-17,0.87,2.6460
1.2680,2017-10-16,-0.86,2.6350
1.2790,2017-10-13,0.00,2.6460
1.2790,2017-10-12,0.24,2.6460
1.2760,2017-10-11,1.43,2.6430
1.2580,2017-10-10,1.21,2.6250
1.2430,2017-10-09,2.39,2.6100
1.2140,2017-09-29,0.66,2.5810
1.2060,2017-09-28,0.42,2.5730
1.2010,2017-09-27,0.17,2.5680
1.1990,2017-09-26,-0.33,2.5660
1.2030,2017-09-25,0.25,2.5700
1.2000,2017-09-22,0.50,2.5670
1.1940,2017-09-21,0.08,2.5610
1.1930,2017-09-20,0.34,2.5600
1.1890,2017-09-19,-0.92,2.5560
1.2000,2017-09-18,1.27,2.5670
1.1850,2017-09-15,0.68,2.5520
1.1770,2017-09-14,0.00,2.5440
1.1770,2017-09-13,1.55,2.5440
1.1590,2017-09-12,-0.26,2.5260
1.1620,2017-09-11,0.35,2.5290
1.1580,2017-09-08,-0.60,2.5250
1.1650,2017-09-07,-0.85,2.5320
1.1750,2017-09-06,-0.25,2.5420
1.1780,2017-09-05,0.34,2.5450
1.1740,2017-09-04,-0.68,2.5410
1.1820,2017-09-01,0.17,2.5490
1.1800,2017-08-31,-0.17,2.5470
1.1820,2017-08-30,0.85,2.5490
1.1720,2017-08-29,-0.93,2.5390
1.1830,2017-08-28,0.85,2.5500
1.1730,2017-08-25,0.43,2.5400
1.1680,2017-08-24,-0.17,2.5350
1.1700,2017-08-23,0.17,2.5370
1.1680,2017-08-22,-0.17,2.5350
1.1700,2017-08-21,0.78,2.5370
1.1610,2017-08-18,-0.17,2.5280
1.1630,2017-08-17,-0.26,2.5300
1.1660,2017-08-16,-0.34,2.5330
1.1700,2017-08-15,-0.26,2.5370
1.1730,2017-08-14,1.38,2.5400
1.1570,2017-08-11,-1.28,2.5240
1.1720,2017-08-10,-0.34,2.5390
1.1760,2017-08-09,1.91,2.5430
1.1540,2017-08-08,0.44,2.5210
1.1490,2017-08-07,2.13,2.5160
1.1250,2017-08-04,-0.53,2.4920
1.1310,2017-08-03,-1.48,2.4980
1.1480,2017-08-02,-0.69,2.5150
1.1560,2017-08-01,0.35,2.5230
1.1520,2017-07-31,-0.09,2.5190
1.1530,2017-07-28,0.79,2.5200
1.1440,2017-07-27,-0.35,2.5110
1.1480,2017-07-26,-1.29,2.5150
1.1630,2017-07-25,-0.85,2.5300
1.1730,2017-07-24,1.65,2.5400
1.1540,2017-07-21,0.17,2.5210
1.1520,2017-07-20,1.23,2.5190
1.1380,2017-07-19,1.07,2.5050
1.1260,2017-07-18,-0.18,2.4930
1.1280,2017-07-17,-1.66,2.4950
1.1470,2017-07-14,0.09,2.5140
1.1460,2017-07-13,-0.09,2.5130
1.1470,2017-07-12,-0.69,2.5140
1.1550,2017-07-11,1.58,2.5220
1.1370,2017-07-10,0.26,2.5040
1.1340,2017-07-07,-1.13,2.5010
1.1470,2017-07-06,-0.52,2.5140
1.1530,2017-07-05,1.41,2.5200
1.1370,2017-07-04,-1.56,2.5040
1.1550,2017-07-03,-1.45,2.5220
1.1720,2017-06-30,0.86,2.5390
1.1620,2017-06-29,0.17,2.5290
1.1600,2017-06-28,-1.61,2.5270
1.1790,2017-06-27,0.00,2.5460
1.1790,2017-06-26,1.46,2.5460
1.1620,2017-06-23,1.31,2.5290
1.1470,2017-06-22,-0.69,2.5140
1.1550,2017-06-21,2.12,2.5220
1.1310,2017-06-20,-0.26,2.4980
1.1340,2017-06-19,1.25,2.5010
1.1200,2017-06-16,-0.44,2.4870
1.1250,2017-06-15,-0.09,2.4920
1.1260,2017-06-14,-1.57,2.4930
1.1440,2017-06-13,0.00,2.5110
1.1440,2017-06-12,0.97,2.5110
1.1330,2017-06-09,0.44,2.5000
1.1280,2017-06-08,1.26,2.4950
1.1140,2017-06-07,1.92,2.4810
1.0930,2017-06-06,1.67,2.4600
1.0750,2017-06-05,-0.37,2.4420
1.0790,2017-06-02,-0.83,2.4460
1.0880,2017-06-01,0.46,2.4550
1.0830,2017-05-31,-0.18,2.4500
1.0850,2017-05-26,0.18,2.4520
1.0830,2017-05-25,-0.18,2.4500
1.0850,2017-05-24,-0.82,2.4520
1.0940,2017-05-23,1.20,2.4610
1.0810,2017-05-22,0.56,2.4480
1.0750,2017-05-19,0.75,2.4420
1.0670,2017-05-18,-0.19,2.4340
1.0690,2017-05-17,-1.11,2.4360
1.0810,2017-05-16,2.08,2.4480
1.0590,2017-05-15,0.38,2.4260
1.0550,2017-05-12,0.38,2.4220
1.0510,2017-05-11,1.84,2.4180
1.0320,2017-05-10,0.10,2.3990
1.0310,2017-05-09,0.59,2.3980
1.0250,2017-05-08,-2.47,2.3920
1.0510,2017-05-05,-0.28,2.4180
1.0540,2017-05-04,-0.09,2.4210
1.0550,2017-05-03,0.00,2.4220
1.0550,2017-05-02,0.00,2.4220
1.0550,2017-04-28,-0.94,2.4220
1.0650,2017-04-27,0.28,2.4320
1.0620,2017-04-26,-0.56,2.4290
1.0680,2017-04-25,2.40,2.4350
1.0430,2017-04-24,-1.04,2.4100
1.0540,2017-04-21,-0.19,2.4210
1.0560,2017-04-20,1.73,2.4230
1.0380,2017-04-19,0.39,2.4050
1.0340,2017-04-18,1.57,2.4010
1.0180,2017-04-17,0.89,2.3850
1.0090,2017-04-14,-0.88,2.3760
1.0180,2017-04-13,0.89,2.3850
1.0090,2017-04-12,0.00,2.3760
1.0090,2017-04-11,-0.69,2.3760
1.0160,2017-04-10,-0.59,2.3830
1.0220,2017-04-07,0.29,2.3890
1.0190,2017-04-06,0.00,2.3860
1.0190,2017-04-05,0.00,2.3860
1.0190,2017-03-31,1.39,2.3860
1.0050,2017-03-30,-0.79,2.3720
1.0130,2017-03-29,0.30,2.3800
1.0100,2017-03-28,-0.20,2.3770
1.0120,2017-03-27,-1.17,2.3790
1.0240,2017-03-24,0.29,2.3910
1.0210,2017-03-23,-0.10,2.3880
1.0220,2017-03-22,1.59,2.3890
1.0060,2017-03-21,1.31,2.3730
0.9930,2017-03-20,0.40,2.3600
0.9890,2017-03-17,-0.50,2.3560
0.9940,2017-03-16,-0.10,2.3610
0.9950,2017-03-15,0.61,2.3620
0.9890,2017-03-14,-0.50,2.3560
0.9940,2017-03-13,1.22,2.3610
0.9820,2017-03-10,0.82,2.3490
0.9740,2017-03-09,-0.71,2.3410
0.9810,2017-03-08,-0.51,2.3480
0.9860,2017-03-07,1.02,2.3530
0.9760,2017-03-06,1.46,2.3430
0.9620,2017-03-03,0.63,2.3290
0.9560,2017-03-02,-0.42,2.3230
0.9600,2017-03-01,0.31,2.3270
0.9570,2017-02-28,0.31,2.3240
0.9540,2017-02-27,-1.24,2.3210
0.9660,2017-02-24,-0.21,2.3330
0.9680,2017-02-23,0.21,2.3350
0.9660,2017-02-22,0.21,2.3330
0.9640,2017-02-21,0.52,2.3310
0.9590,2017-02-20,2.57,2.3260
0.9350,2017-02-17,0.11,2.3020
0.9340,2017-02-16,0.76,2.3010
0.9270,2017-02-15,-0.75,2.2940
0.9340,2017-02-14,-0.11,2.3010
0.9350,2017-02-13,0.97,2.3020
0.9260,2017-02-10,-0.22,2.2930
0.9280,2017-02-09,0.32,2.2950
0.9250,2017-02-08,0.43,2.2920
0.9210,2017-02-07,-0.32,2.2880
0.9240,2017-02-06,0.87,2.2910
0.9160,2017-02-03,-0.43,2.2830
0.9200,2017-01-26,0.33,2.2870
0.9170,2017-01-25,0.33,2.2840
0.9140,2017-01-24,-0.11,2.2810
0.9150,2017-01-23,0.22,2.2820
0.9130,2017-01-20,1.00,2.2800
0.9040,2017-01-19,-0.11,2.2710
0.9050,2017-01-18,0.00,2.2720
0.9050,2017-01-17,0.56,2.2720
0.9000,2017-01-16,-1.21,2.2670
0.9110,2017-01-13,-0.33,2.2780
0.9140,2017-01-12,-0.54,2.2810
0.9190,2017-01-11,-0.86,2.2860
0.9270,2017-01-10,-0.54,2.2940
0.9320,2017-01-09,0.00,2.2990
0.9320,2017-01-06,-0.53,2.2990
0.9370,2017-01-05,-0.32,2.3040
0.9400,2017-01-04,1.18,2.3070
0.9290,2017-01-03,0.54,2.2960
0.9240,2016-12-31,0.00,2.2910
0.9240,2016-12-30,0.43,2.2910
0.9200,2016-12-29,0.33,2.2870
0.9170,2016-12-28,-0.22,2.2840
0.9190,2016-12-27,-0.11,2.2860
0.9200,2016-12-26,0.44,2.2870
0.9160,2016-12-23,-0.87,2.2830
0.9240,2016-12-22,-0.43,2.2910
0.9280,2016-12-21,0.65,2.2950
0.9220,2016-12-20,0.00,2.2890
0.9220,2016-12-19,-0.22,2.2890
0.9240,2016-12-16,1.09,2.2910
0.9140,2016-12-15,-0.76,2.2810
0.9210,2016-12-14,-0.97,2.2880
0.9300,2016-12-13,0.65,2.2970
0.9240,2016-12-12,-2.53,2.2910
0.9480,2016-12-09,-0.32,2.3150
0.9510,2016-12-08,-0.31,2.3180
0.9540,2016-12-07,0.32,2.3210
0.9510,2016-12-06,0.21,2.3180
0.9490,2016-12-05,0.11,2.3160
0.9480,2016-12-02,-0.84,2.3150
0.9560,2016-12-01,0.31,2.3230
0.9530,2016-11-30,-1.04,2.3200
0.9630,2016-11-29,0.52,2.3300
0.9580,2016-11-28,0.21,2.3250
0.9560,2016-11-25,0.42,2.3230
0.9520,2016-11-24,-0.31,2.3190
0.9550,2016-11-23,-0.52,2.3220
0.9600,2016-11-22,0.73,2.3270
0.9530,2016-11-21,0.00,2.3200
0.9530,2016-11-18,-0.31,2.3200
0.9560,2016-11-17,-0.10,2.3230
0.9570,2016-11-16,0.00,2.3240
0.9570,2016-11-15,0.74,2.3240
0.9500,2016-11-14,-0.11,2.3170
0.9510,2016-11-11,-0.42,2.3180
0.9550,2016-11-10,0.42,2.3220
0.9510,2016-11-09,-0.63,2.3180
0.9570,2016-11-08,1.06,2.3240
0.9470,2016-11-07,-0.42,2.3140
0.9510,2016-11-04,-0.83,2.3180
0.9590,2016-11-03,-0.10,2.3260
0.9600,2016-11-02,-0.72,2.3270
0.9670,2016-11-01,1.04,2.3340
0.9570,2016-10-31,-0.10,2.3240
0.9580,2016-10-28,-0.10,2.3250
0.9590,2016-10-27,-0.31,2.3260
0.9620,2016-10-26,-0.21,2.3290
0.9640,2016-10-25,0.73,2.3310
0.9570,2016-10-24,0.63,2.3240
0.9510,2016-10-21,-0.63,2.3180
0.9570,2016-10-20,0.21,2.3240
0.9550,2016-10-19,-0.62,2.3220
0.9610,2016-10-18,0.52,2.3280
0.9560,2016-10-17,-0.52,2.3230
0.9610,2016-10-14,-0.72,2.3280
0.9680,2016-10-13,0.00,2.3350
0.9680,2016-10-12,0.10,2.3350
0.9670,2016-10-11,0.00,2.3340
0.9670,2016-10-10,1.26,2.3340
0.9550,2016-09-30,0.63,2.3220
0.9490,2016-09-29,0.53,2.3160
0.9440,2016-09-28,0.43,2.3110
0.9400,2016-09-27,0.86,2.3070
0.9320,2016-09-26,-0.85,2.2990
0.9400,2016-09-23,-0.32,2.3070
0.9430,2016-09-22,0.32,2.3100
0.9400,2016-09-21,0.21,2.3070
0.9380,2016-09-20,-0.21,2.3050
0.9400,2016-09-19,0.53,2.3070
0.9350,2016-09-14,-0.74,2.3020
0.9420,2016-09-13,0.53,2.3090
0.9370,2016-09-12,-1.68,2.3040
0.9530,2016-09-09,-0.73,2.3200
0.9600,2016-09-08,0.00,2.3270
0.9600,2016-09-07,-0.41,2.3270
0.9640,2016-09-06,1.05,2.3310
0.9540,2016-09-05,0.53,2.3210
0.9490,2016-09-02,-1.04,2.3160
0.9590,2016-09-01,-0.21,2.3260
0.9610,2016-08-31,-0.21,2.3280
0.9630,2016-08-30,-0.10,2.3300
0.9640,2016-08-29,0.21,2.3310
0.9620,2016-08-26,0.42,2.3290
0.9580,2016-08-25,-0.62,2.3250
0.9640,2016-08-24,0.00,2.3310
0.9640,2016-08-23,0.31,2.3310
0.9610,2016-08-22,0.10,2.3280
0.9600,2016-08-19,0.10,2.3270
0.9590,2016-08-18,-0.42,2.3260
0.9630,2016-08-17,0.00,2.3300
0.9630,2016-08-16,0.21,2.3300
0.9610,2016-08-15,1.26,2.3280
0.9490,2016-08-12,0.21,2.3160
0.9470,2016-08-11,-0.84,2.3140
0.9550,2016-08-10,-0.21,2.3220
0.9570,2016-08-09,0.84,2.3240
0.9490,2016-08-08,0.64,2.3160
0.9430,2016-08-05,0.00,2.3100
0.9430,2016-08-04,0.53,2.3100
0.9380,2016-08-03,0.21,2.3050
0.9360,2016-08-02,0.32,2.3030
0.9330,2016-08-01,-1.48,2.3000
0.9470,2016-07-29,0.21,2.3140
0.9450,2016-07-28,0.96,2.3120
0.9360,2016-07-27,-1.68,2.3030
0.9520,2016-07-26,1.28,2.3190
0.9400,2016-07-25,0.32,2.3070
0.9370,2016-07-22,-0.95,2.3040
0.9460,2016-07-21,0.21,2.3130
0.9440,2016-07-20,0.00,2.3110
0.9440,2016-07-19,-0.42,2.3110
0.9480,2016-07-18,-0.21,2.3150
0.9500,2016-07-15,0.42,2.3170
0.9460,2016-07-14,-0.11,2.3130
0.9470,2016-07-13,0.21,2.3140
0.9450,2016-07-12,1.39,2.3120
0.9320,2016-07-11,-0.43,2.2990
0.9360,2016-07-08,-0.21,2.3030
0.9380,2016-07-07,-0.21,2.3050
0.9400,2016-07-06,0.75,2.3070
0.9330,2016-07-05,0.21,2.3000
0.9310,2016-07-04,1.31,2.2980
0.9190,2016-07-01,0.11,2.2860
0.9180,2016-06-30,0.33,2.2850
0.9150,2016-06-29,0.55,2.2820
0.9100,2016-06-28,0.44,2.2770
0.9060,2016-06-27,1.57,2.2730
0.8920,2016-06-24,-0.67,2.2590
0.8980,2016-06-23,-0.44,2.2650
0.9020,2016-06-22,1.01,2.2690
0.8930,2016-06-21,-0.78,2.2600
0.9000,2016-06-20,0.56,2.2670
0.8950,2016-06-17,0.79,2.2620
0.8880,2016-06-16,-0.89,2.2550
0.8960,2016-06-15,2.52,2.2630
0.8740,2016-06-14,0.11,2.2410
0.8730,2016-06-13,-3.22,2.2400
0.9020,2016-06-08,-0.66,2.2690
0.9080,2016-06-07,0.00,2.2750
0.9080,2016-06-06,0.55,2.2750
0.9030,2016-06-03,1.23,2.2700
0.8920,2016-06-02,0.00,2.2590
0.8920,2016-06-01,0.11,2.2590
0.8910,2016-05-31,3.85,2.2580
0.8580,2016-05-30,-0.81,2.2250
0.8650,2016-05-27,0.12,2.2320
0.8640,2016-05-26,0.82,2.2310
0.8570,2016-05-25,-0.92,2.2240
0.8650,2016-05-24,-1.14,2.2320
0.8750,2016-05-23,1.27,2.2420
0.8640,2016-05-20,0.93,2.2310
0.8560,2016-05-19,0.35,2.2230
0.8530,2016-05-18,-2.51,2.2200
0.8750,2016-05-17,-0.68,2.2420
0.8810,2016-05-16,1.97,2.2480
0.8640,2016-05-13,-0.35,2.2310
0.8670,2016-05-12,0.00,2.2340
0.8670,2016-05-11,0.70,2.2340
0.8610,2016-05-10,0.47,2.2280
0.8570,2016-05-09,-2.17,2.2240
0.8760,2016-05-06,-2.67,2.2430
0.9000,2016-05-05,0.00,2.2670
0.9000,2016-05-04,0.00,2.2670
0.9000,2016-05-03,3.57,2.2670
0.8690,2016-04-29,0.00,2.2360
0.8690,2016-04-28,0.23,2.2360
0.8670,2016-04-27,0.12,2.2340
0.8660,2016-04-26,0.46,2.2330
0.8620,2016-04-25,-0.46,2.2290
0.8660,2016-04-22,1.64,2.2330
0.8520,2016-04-21,-1.27,2.2190
0.8630,2016-04-20,-4.00,2.2300
0.8990,2016-04-19,0.90,2.2660
0.8910,2016-04-18,-1.00,2.2580
0.9000,2016-04-15,-0.22,2.2670
0.9020,2016-04-14,0.67,2.2690
0.8960,2016-04-13,0.67,2.2630
0.8900,2016-04-12,-0.56,2.2570
0.8950,2016-04-11,2.40,2.2620
0.8740,2016-04-08,-0.79,2.2410
0.8810,2016-04-07,-1.89,2.2480
0.8980,2016-04-06,0.45,2.2650
0.8940,2016-04-05,2.41,2.2610
0.8730,2016-04-01,-0.68,2.2400
0.8790,2016-03-31,0.57,2.2460
0.8740,2016-03-30,3.68,2.2410
0.8430,2016-03-29,-2.20,2.2100
0.8620,2016-03-28,-0.35,2.2290
0.8650,2016-03-25,0.35,2.2320
0.8620,2016-03-24,-1.03,2.2290
0.8710,2016-03-23,0.69,2.2380
0.8650,2016-03-22,0.35,2.2320
0.8620,2016-03-21,1.65,2.2290
0.8480,2016-03-18,3.04,2.2150
0.8230,2016-03-17,3.39,2.1900
0.7960,2016-03-16,-0.87,2.1630
0.8030,2016-03-15,-0.74,2.1700
0.8090,2016-03-14,3.45,2.1760
0.7820,2016-03-11,0.13,2.1490
0.7810,2016-03-10,-1.14,2.1480
0.7900,2016-03-09,-1.62,2.1570
0.8030,2016-03-08,0.75,2.1700
0.7970,2016-03-07,2.05,2.1640
0.7810,2016-03-04,-2.50,2.1480
0.8010,2016-03-03,0.00,2.1680
0.8010,2016-03-02,4.43,2.1680
0.7670,2016-03-01,1.99,2.1340
0.7520,2016-02-29,-5.05,2.1190
0.7920,2016-02-26,0.89,2.1590
0.7850,2016-02-25,-6.99,2.1520
0.8440,2016-02-24,-0.71,2.2110
0.8500,2016-02-23,-0.47,2.2170
0.8540,2016-02-22,1.67,2.2210
0.8400,2016-02-19,0.48,2.2070
0.8360,2016-02-18,-0.24,2.2030
0.8380,2016-02-17,0.84,2.2050
0.8310,2016-02-16,4.92,2.1980
0.7920,2016-02-15,-0.63,2.1590
0.7970,2016-02-05,-0.87,2.1640
0.8040,2016-02-04,1.39,2.1710
0.7930,2016-02-03,0.25,2.1600
0.7910,2016-02-02,3.67,2.1580
0.7630,2016-02-01,0.26,2.1300
0.7610,2016-01-29,4.25,2.1280
0.7300,2016-01-28,-3.69,2.0970
0.7580,2016-01-27,-1.04,2.1250
0.7660,2016-01-26,-7.15,2.1330
0.8250,2016-01-25,1.23,2.1920
0.8150,2016-01-22,0.99,2.1820
0.8070,2016-01-21,-3.90,2.1740
0.8470,2016-01-20,-1.40,2.2070
0.8590,2016-01-19,3.49,2.2190
0.8300,2016-01-18,1.22,2.1900
0.8200,2016-01-15,-2.61,2.1800
0.8420,2016-01-14,3.06,2.2020
0.8170,2016-01-13,-3.08,2.1770
0.8430,2016-01-12,0.00,2.2030
0.8430,2016-01-11,-6.23,2.2030
0.8990,2016-01-08,1.35,2.2590
0.8870,2016-01-07,-7.31,2.2470
0.9570,2016-01-06,2.13,2.3170
0.9370,2016-01-05,-0.53,2.2970
0.9420,2016-01-04,-7.10,2.3020
1.0140,2015-12-31,-1.36,2.3740
1.0280,2015-12-30,0.19,2.3880
1.0260,2015-12-29,0.98,2.3860
1.0160,2015-12-28,-1.07,2.3760
1.0270,2015-12-25,0.10,2.3870
1.0260,2015-12-24,-0.10,2.3860
1.0270,2015-12-23,-0.58,2.3870
1.0330,2015-12-22,0.49,2.3930
1.0280,2015-12-21,1.78,2.3880
1.0100,2015-12-18,-0.49,2.3700
1.0150,2015-12-17,2.01,2.3750
0.9950,2015-12-16,0.51,2.3550
0.9900,2015-12-15,0.71,2.3500
0.9830,2015-12-14,1.03,2.3430
0.9730,2015-12-11,-0.61,2.3330
0.9790,2015-12-10,-0.10,2.3390
0.9800,2015-12-09,-0.61,2.3400
0.9860,2015-12-08,-1.10,2.3460
0.9970,2015-12-07,0.81,2.3570
0.9890,2015-12-04,-0.60,2.3490
0.9950,2015-12-03,1.63,2.3550
0.9790,2015-12-02,-0.20,2.3390
0.9810,2015-12-01,0.10,2.3410
0.9800,2015-11-30,0.41,2.3400
0.9760,2015-11-27,-4.13,2.3360
1.0180,2015-11-26,-0.88,2.3780
1.0270,2015-11-25,1.48,2.3870
1.0120,2015-11-24,0.20,2.3720
1.0100,2015-11-23,-0.69,2.3700
1.0170,2015-11-20,0.20,2.3770
1.0150,2015-11-19,1.20,2.3750
1.0030,2015-11-18,-0.89,2.3630
1.0120,2015-11-17,-0.98,2.3720
1.0220,2015-11-16,1.29,2.3820
1.0090,2015-11-13,-1.94,2.3690
1.0290,2015-11-12,-0.48,2.3890
1.0340,2015-11-11,0.68,2.3940
1.0270,2015-11-10,0.29,2.3870
1.0240,2015-11-09,0.89,2.3840
1.0150,2015-11-06,1.50,2.3750
1.0000,2015-11-05,-0.79,2.3600
1.0080,2015-11-04,3.92,2.3680
0.9700,2015-11-03,-0.10,2.3300
0.9710,2015-11-02,-0.82,2.3310
0.9790,2015-10-30,0.00,2.3390
0.9790,2015-10-29,0.62,2.3390
0.9730,2015-10-28,-1.52,2.3330
0.9880,2015-10-27,0.10,2.3480
0.9870,2015-10-26,1.33,2.3470
0.9740,2015-10-23,1.67,2.3340
0.9580,2015-10-22,2.57,2.3180
0.9340,2015-10-21,-4.40,2.2940
0.9770,2015-10-20,1.98,2.3370
0.9580,2015-10-19,-1.03,2.3180
0.9680,2015-10-16,0.21,2.3280
0.9660,2015-10-15,2.33,2.3260
0.9440,2015-10-14,-0.94,2.3040
0.9530,2015-10-13,0.74,2.3130
0.9460,2015-10-12,3.16,2.3060
0.9170,2015-10-09,1.55,2.2770
0.9030,2015-10-08,4.03,2.2630
0.8680,2015-09-30,0.81,2.2280
0.8610,2015-09-29,-0.92,2.2210
0.8690,2015-09-28,1.76,2.2290
0.8540,2015-09-25,-3.06,2.2140
0.8810,2015-09-24,1.15,2.2410
0.8710,2015-09-23,-1.02,2.2310
0.8800,2015-09-22,0.57,2.2400
0.8750,2015-09-21,3.67,2.2350
0.8440,2015-09-18,0.96,2.2040
0.8360,2015-09-17,0.00,2.1960
0.8360,2015-09-16,6.36,2.1960
0.7860,2015-09-15,-2.84,2.1460
0.8090,2015-09-14,-5.71,2.1690
0.8580,2015-09-11,0.59,2.2180
0.8530,2015-09-10,-1.50,2.2130
0.8660,2015-09-09,3.34,2.2260
0.8380,2015-09-08,4.23,2.1980
0.8040,2015-09-07,0.37,2.1640
0.8010,2015-09-02,-1.35,2.1610
0.8120,2015-09-01,-5.25,2.1720
0.8570,2015-08-31,-3.05,2.2170
0.8840,2015-08-28,5.36,2.2440
0.8390,2015-08-27,4.09,2.1990
0.8060,2015-08-26,-2.07,2.1660
0.8230,2015-08-25,-6.16,2.1830
0.8770,2015-08-24,-7.00,2.2370
0.9430,2015-08-21,-4.55,2.3030
0.9880,2015-08-20,-2.76,2.3480
1.0160,2015-08-19,2.21,2.3760
0.9940,2015-08-18,-5.87,2.3540
1.0560,2015-08-17,0.76,2.4160
1.0480,2015-08-14,-0.29,2.4080
1.0510,2015-08-13,1.45,2.4110
1.0360,2015-08-12,-2.08,2.3960
1.0580,2015-08-11,0.28,2.4180
1.0550,2015-08-10,5.82,2.4150
0.9970,2015-08-07,3.64,2.3570
0.9620,2015-08-06,0.00,2.3220
0.9620,2015-08-05,-0.10,2.3220
0.9630,2015-08-04,6.53,2.3230
0.9040,2015-08-03,-5.14,2.2640
0.9530,2015-07-31,-0.42,2.3130
0.9570,2015-07-30,-2.74,2.3170
0.9840,2015-07-29,4.90,2.3440
0.9380,2015-07-28,-1.99,2.2980
0.9570,2015-07-27,-8.16,2.3170
1.0420,2015-07-24,-2.43,2.4020
1.0680,2015-07-23,3.19,2.4280
1.0350,2015-07-22,0.68,2.3950
1.0280,2015-07-21,1.18,2.3880
1.0160,2015-07-20,2.42,2.3760
0.9920,2015-07-17,6.10,2.3520
0.9350,2015-07-16,3.31,2.2950
0.9050,2015-07-15,-5.93,2.2650
0.9620,2015-07-14,0.73,2.3220
0.9550,2015-07-13,7.18,2.3150
0.8910,2015-07-10,6.83,2.2510
0.8340,2015-07-09,6.51,2.1940
0.7830,2015-07-08,-3.81,2.1430
0.8140,2015-07-07,-6.76,2.1740
0.8730,2015-07-06,-3.32,2.2330
0.9030,2015-07-03,-4.55,2.2630
0.9460,2015-07-02,-5.96,2.3060
1.0060,2015-07-01,-4.46,2.3660
1.0530,2015-06-30,4.67,2.4130
1.0060,2015-06-29,-7.11,2.3660
1.0830,2015-06-26,-8.99,2.4430
1.1900,2015-06-25,-5.18,2.5500
1.2550,2015-06-24,1.70,2.6150
1.2340,2015-06-23,2.07,2.5940
1.2090,2015-06-19,-5.18,2.5690
1.2750,2015-06-18,-4.28,2.6350
1.3320,2015-06-17,2.07,2.6920
1.3050,2015-06-16,-3.26,2.6650
1.3490,2015-06-15,-2.95,2.7090
1.3900,2015-06-12,0.36,2.7500
1.3850,2015-06-11,1.47,2.7450
1.3650,2015-06-10,2.86,2.7250
1.3270,2015-06-09,0.23,2.6870
1.3240,2015-06-08,-3.22,2.6840
1.3680,2015-06-05,0.51,2.7280
1.3610,2015-06-04,-1.59,2.7210
1.3830,2015-06-03,-0.43,2.7430
1.3890,2015-06-02,3.81,2.7490
1.3380,2015-06-01,5.52,2.6980
1.2680,2015-05-29,1.52,2.6280
1.2490,2015-05-28,-5.16,2.6090
1.3170,2015-05-27,1.31,2.6770
1.3000,2015-05-26,3.09,2.6600
1.2610,2015-05-25,1.94,2.6210
1.2370,2015-05-22,1.14,2.5970
1.2230,2015-05-21,3.38,2.5830
1.1830,2015-05-20,1.11,2.5430
1.1700,2015-05-19,2.18,2.5300
1.1450,2015-05-18,1.33,2.5050
1.1300,2015-05-15,-0.62,2.4900
1.1370,2015-05-14,-1.04,2.4970
1.1490,2015-05-13,0.44,2.5090
1.1440,2015-05-12,2.97,2.5040
1.1110,2015-05-11,4.71,2.4710
1.0610,2015-05-08,3.92,2.4210
1.0210,2015-05-07,-1.92,2.3810
1.0410,2015-05-06,0.19,2.4010
1.0390,2015-05-05,-2.26,2.3990
1.0630,2015-05-04,1.72,2.4230
1.0450,2015-04-30,0.58,2.4050
1.0390,2015-04-29,2.67,2.3990
1.0120,2015-04-28,-3.34,2.3720
1.0470,2015-04-27,-0.10,2.4070
1.0480,2015-04-24,0.00,2.4080
1.0480,2015-04-23,0.00,2.4080
1.0480,2015-04-22,1.85,2.4080
1.0290,2015-04-21,2.80,2.3890
1.0010,2015-04-20,-2.34,2.3610
1.0250,2015-04-17,1.28,2.3850
1.0120,2015-04-16,0.90,2.3720
1.0030,2015-04-15,-3.28,2.3630
1.0370,2015-04-14,-0.48,2.3970
1.0420,2015-04-13,0.39,2.4020
1.0380,2015-04-10,2.06,2.3980
1.0170,2015-04-09,-1.36,2.3770
1.0310,2015-04-08,-1.25,2.3910
1.0440,2015-04-07,2.05,2.4040
1.0230,2015-04-03,1.59,2.3830
1.0070,2015-04-02,0.70,2.3670
1.0000,2015-04-01,1.63,2.3600
0.9840,2015-03-31,0.10,2.3440
0.9830,2015-03-30,2.08,2.3430
0.9630,2015-03-27,1.90,2.3230
0.9450,2015-03-26,-0.42,2.3050
0.9490,2015-03-25,0.85,2.3090
0.9410,2015-03-24,1.07,2.3010
0.9310,2015-03-23,2.87,2.2910
0.9050,2015-03-20,2.61,2.2650
0.8820,2015-03-19,-1.01,2.2420
0.8910,2015-03-18,1.83,2.2510
0.8750,2015-03-17,0.23,2.2350
0.8730,2015-03-16,2.83,2.2330
0.8490,2015-03-13,1.07,2.2090
0.8400,2015-03-12,2.07,2.2000
0.8230,2015-03-11,0.00,2.1830
0.8230,2015-03-10,0.24,2.1830
0.8210,2015-03-09,1.48,2.1810
0.8090,2015-03-06,-2.18,2.1690
0.8270,2015-03-05,-0.60,2.1870
0.8320,2015-03-04,0.60,2.1920
0.8270,2015-03-03,-2.25,2.1870
0.8460,2015-03-02,1.44,2.2060
0.8340,2015-02-27,1.21,2.1940
0.8240,2015-02-26,1.10,2.1840
0.8150,2015-02-25,-1.45,2.1750
0.8270,2015-02-17,0.73,2.1870
0.8210,2015-02-16,1.48,2.1810
0.8090,2015-02-13,1.38,2.1690
0.7980,2015-02-12,0.38,2.1580
0.7950,2015-02-11,1.53,2.1550
0.7830,2015-02-10,1.69,2.1430
0.7700,2015-02-09,0.13,2.1300
0.7690,2015-02-06,-1.03,2.1290
0.7770,2015-02-05,-1.02,2.1370
0.7850,2015-02-04,-1.01,2.1450
0.7930,2015-02-03,2.72,2.1530
0.7720,2015-02-02,-1.53,2.1320
0.7840,2015-01-30,-1.01,2.1440
0.7920,2015-01-29,-0.88,2.1520
0.7990,2015-01-28,-1.24,2.1590
0.8090,2015-01-27,-1.10,2.1690
0.8180,2015-01-26,0.49,2.1780
0.8140,2015-01-23,0.12,2.1740
0.8130,2015-01-22,0.99,2.1730
0.8050,2015-01-21,4.27,2.1650
0.7720,2015-01-20,1.85,2.1320
0.7580,2015-01-19,-4.29,2.1180
0.7920,2015-01-16,0.76,2.1520
0.7860,2015-01-15,2.88,2.1460
0.7640,2015-01-14,-0.39,2.1240
0.7670,2015-01-13,0.66,2.1270
0.7620,2015-01-12,0.00,2.1220
0.7620,2015-01-09,0.66,2.1220
0.7570,2015-01-08,-1.82,2.1170
0.7710,2015-01-07,-0.26,2.1310
0.7730,2015-01-06,-0.26,2.1330
0.7750,2015-01-05,1.97,2.1350
0.7600,2014-12-31,2.98,2.1200
0.7380,2014-12-30,-0.40,2.0980
0.7410,2014-12-29,1.09,2.1010
0.7330,2014-12-26,2.66,2.0930
0.7140,2014-12-25,2.00,2.0740
0.7000,2014-12-24,-1.41,2.0600
0.7100,2014-12-23,-0.42,2.0700
0.7130,2014-12-22,-0.70,2.0730
0.7180,2014-12-19,-2.18,2.0780
0.7340,2014-12-18,-0.41,2.0940
0.7370,2014-12-17,0.27,2.0970
0.7350,2014-12-16,1.24,2.0950
0.7260,2014-12-15,0.55,2.0860
0.7220,2014-12-12,0.28,2.0820
0.7200,2014-12-11,-0.41,2.0800
0.7230,2014-12-10,3.43,2.0830
0.6990,2014-12-09,-5.67,2.0590
0.7410,2014-12-08,0.27,2.1010
0.7390,2014-12-05,-2.12,2.0990
0.7550,2014-12-04,1.21,2.1150
0.7460,2014-12-03,1.08,2.1060
0.7380,2014-12-02,0.96,2.0980
0.7310,2014-12-01,-1.88,2.0910
0.7450,2014-11-28,-0.93,2.1050
0.7520,2014-11-27,0.40,2.1120
0.7490,2014-11-26,0.40,2.1090
0.7460,2014-11-25,1.22,2.1060
0.7370,2014-11-24,0.68,2.0970
0.7320,2014-11-21,0.55,2.0920
0.7280,2014-11-20,-0.14,2.0880
0.7290,2014-11-19,0.69,2.0890
0.7240,2014-11-18,0.28,2.0840
0.7220,2014-11-17,1.12,2.0820
0.7140,2014-11-14,0.00,2.0740
0.7140,2014-11-13,-1.65,2.0740
0.7260,2014-11-12,1.11,2.0860
0.7180,2014-11-11,-3.23,2.0780
0.7420,2014-11-10,0.00,2.1020
0.7420,2014-11-07,-1.20,2.1020
0.7510,2014-11-06,0.94,2.1110
0.7440,2014-11-05,-0.40,2.1040
0.7470,2014-11-04,-0.80,2.1070
0.7530,2014-11-03,0.67,2.1130
0.7480,2014-10-31,-0.53,2.1080
0.7520,2014-10-30,-0.27,2.1120
0.7540,2014-10-29,0.94,2.1140
0.7470,2014-10-28,1.91,2.1070
0.7330,2014-10-27,0.83,2.0930
0.7270,2014-10-24,0.14,2.0870
0.7260,2014-10-23,-0.96,2.0860
0.7330,2014-10-22,-1.08,2.0930
0.7410,2014-10-21,-0.54,2.1010
0.7450,2014-10-20,1.36,2.1050
0.7350,2014-10-17,0.00,2.0950
0.7350,2014-10-16,-1.47,2.0950
0.7460,2014-10-15,0.13,2.1060
0.7450,2014-10-14,-0.53,2.1050
0.7490,2014-10-13,-0.27,2.1090
0.7510,2014-10-10,-0.66,2.1110
0.7560,2014-10-09,-0.26,2.1160
0.7580,2014-10-08,0.93,2.1180
0.7510,2014-09-30,0.81,2.1110
0.7450,2014-09-29,0.81,2.1050
0.7390,2014-09-26,0.41,2.0990
0.7360,2014-09-25,0.27,2.0960
0.7340,2014-09-24,0.96,2.0940
0.7270,2014-09-23,0.69,2.0870
0.7220,2014-09-22,-0.96,2.0820
0.7290,2014-09-19,0.83,2.0890
0.7230,2014-09-18,0.42,2.0830
0.7200,2014-09-17,0.70,2.0800
0.7150,2014-09-16,-3.38,2.0750
0.7400,2014-09-15,0.96,2.1000
0.7330,2014-09-12,1.66,2.0930
0.7210,2014-09-11,0.14,2.0810
0.7200,2014-09-10,0.56,2.0800
0.7160,2014-09-09,0.28,2.0760
0.7140,2014-09-05,0.71,2.0740
0.7090,2014-09-04,0.57,2.0690
0.7050,2014-09-03,0.43,2.0650
0.7020,2014-09-02,1.15,2.0620
0.6940,2014-09-01,1.31,2.0540
0.6850,2014-08-29,0.88,2.0450
0.6790,2014-08-28,-0.59,2.0390
0.6830,2014-08-27,0.15,2.0430
0.6820,2014-08-26,-1.30,2.0420
0.6910,2014-08-25,-0.43,2.0510
0.6940,2014-08-22,0.58,2.0540
0.6900,2014-08-21,0.00,2.0500
0.6900,2014-08-20,-0.14,2.0500
0.6910,2014-08-19,-0.14,2.0510
0.6920,2014-08-18,0.44,2.0520
0.6890,2014-08-15,0.88,2.0490
0.6830,2014-08-14,-1.16,2.0430
0.6910,2014-08-13,-0.43,2.0510
0.6940,2014-08-12,-0.14,2.0540
0.6950,2014-08-11,1.76,2.0550
0.6830,2014-08-08,0.29,2.0430
0.6810,2014-08-07,-1.16,2.0410
0.6890,2014-08-06,0.29,2.0490
0.6870,2014-08-05,0.15,2.0470
0.6860,2014-08-04,0.88,2.0460
0.6800,2014-08-01,-0.58,2.0400
0.6840,2014-07-31,0.89,2.0440
0.6780,2014-07-30,-0.29,2.0380
0.6800,2014-07-29,0.30,2.0400
0.6780,2014-07-28,1.19,2.0380
0.6700,2014-07-25,0.90,2.0300
0.6640,2014-07-24,-0.30,2.0240
0.6660,2014-07-23,-0.75,2.0260
0.6710,2014-07-22,1.21,2.0310
0.6630,2014-07-21,0.15,2.0230
0.6620,2014-07-18,-0.15,2.0220
0.6630,2014-07-17,-0.45,2.0230
0.6660,2014-07-16,-0.60,2.0260
0.6700,2014-07-15,-0.30,2.0300
0.6720,2014-07-14,1.20,2.0320
0.6640,2014-07-11,0.45,2.0240
0.6610,2014-07-10,-0.30,2.0210
0.6630,2014-07-09,-1.49,2.0230
0.6730,2014-07-08,0.30,2.0330
0.6710,2014-07-07,-0.30,2.0310
0.6730,2014-07-04,-0.15,2.0330
0.6740,2014-07-03,0.30,2.0340
0.6720,2014-07-02,0.30,2.0320
0.6700,2014-07-01,-0.15,2.0300
0.6710,2014-06-30,0.90,2.0310
0.6650,2014-06-27,0.30,2.0250
0.6630,2014-06-26,0.91,2.0230
0.6570,2014-06-25,-0.15,2.0170
0.6580,2014-06-24,0.77,2.0180
0.6530,2014-06-23,0.15,2.0130
0.6520,2014-06-20,0.93,2.0120
0.6460,2014-06-19,-1.52,2.0060
0.6560,2014-06-18,-0.46,2.0160
0.6590,2014-06-17,-1.20,2.0190
0.6670,2014-06-16,0.30,2.0270
0.6650,2014-06-13,0.91,2.0250
0.6590,2014-06-12,-0.15,2.0190
0.6600,2014-06-11,0.00,2.0200
0.6600,2014-06-10,0.92,2.0200
0.6540,2014-06-09,-0.46,2.0140
0.6570,2014-06-06,0.00,2.0170
0.6570,2014-06-05,0.77,2.0170
0.6520,2014-06-04,-0.31,2.0120
0.6540,2014-06-03,-0.15,2.0140
0.6550,2014-05-30,0.00,2.0150
0.6550,2014-05-29,-0.91,2.0150
0.6610,2014-05-28,0.61,2.0210
0.6570,2014-05-27,-0.30,2.0170
0.6590,2014-05-26,0.92,2.0190
0.6530,2014-05-23,0.62,2.0130
0.6490,2014-05-22,0.31,2.0090
0.6470,2014-05-21,0.78,2.0070
0.6420,2014-05-20,0.47,2.0020
0.6390,2014-05-19,-0.78,1.9990
0.6440,2014-05-16,-0.77,2.0040
0.6490,2014-05-15,-1.07,2.0090
0.6560,2014-05-14,0.15,2.0160
0.6550,2014-05-13,-0.15,2.0150
0.6560,2014-05-12,1.55,2.0160
0.6460,2014-05-09,-0.77,2.0060
0.6510,2014-05-08,-0.31,2.0110
0.6530,2014-05-07,-1.36,2.0130
0.6620,2014-05-06,0.76,2.0220
0.6570,2014-05-05,0.77,2.0170
0.6520,2014-04-30,0.46,2.0120
0.6490,2014-04-29,1.09,2.0090
0.6420,2014-04-28,-2.28,2.0020
0.6570,2014-04-25,-1.79,2.0170
0.6690,2014-04-24,-0.30,2.0290
0.6710,2014-04-23,-0.89,2.0310
0.6770,2014-04-22,-0.88,2.0370
0.6830,2014-04-21,-0.87,2.0430
0.6890,2014-04-18,0.15,2.0490
0.6880,2014-04-17,0.15,2.0480
0.6870,2014-04-16,0.00,2.0470
0.6870,2014-04-15,-1.01,2.0470
0.6940,2014-04-14,0.73,2.0540
0.6890,2014-04-11,-0.29,2.0490
0.6910,2014-04-10,1.17,2.0510
0.6830,2014-04-09,0.59,2.0430
0.6790,2014-04-08,0.15,2.0390
0.6780,2014-04-04,0.59,2.0380
0.6740,2014-04-03,-0.15,2.0340
0.6750,2014-04-02,-0.59,2.0350
0.6790,2014-04-01,1.65,2.0390
0.6680,2014-03-31,0.15,2.0280
0.6670,2014-03-28,-2.06,2.0270
0.6810,2014-03-27,-2.01,2.0410
0.6950,2014-03-26,1.02,2.0550
0.6880,2014-03-25,0.00,2.0480
0.6880,2014-03-24,-0.29,2.0480
0.6900,2014-03-21,0.29,2.0500
0.6880,2014-03-20,-3.91,2.0480
0.7160,2014-03-19,-1.11,2.0760
0.7240,2014-03-18,0.56,2.0840
0.7200,2014-03-17,1.84,2.0800
0.7070,2014-03-14,-0.70,2.0670
0.7120,2014-03-13,2.15,2.0720
0.6970,2014-03-12,0.29,2.0570
0.6950,2014-03-11,-1.00,2.0550
0.7020,2014-03-10,-3.31,2.0620
0.7260,2014-03-07,-0.27,2.0860
0.7280,2014-03-06,-0.82,2.0880
0.7340,2014-03-05,-0.41,2.0940
0.7370,2014-03-04,0.00,2.0970
0.7370,2014-03-03,1.80,2.0970
0.7240,2014-02-28,1.40,2.0840
0.7140,2014-02-27,-3.38,2.0740
0.7390,2014-02-26,-0.40,2.0990
0.7420,2014-02-25,-3.76,2.1020
0.7710,2014-02-24,0.52,2.1310
0.7670,2014-02-21,-0.39,2.1270
0.7700,2014-02-20,-1.53,2.1300
0.7820,2014-02-19,-0.51,2.1420
0.7860,2014-02-18,-0.63,2.1460
0.7910,2014-02-17,2.06,2.1510
0.7750,2014-02-14,1.97,2.1350
0.7600,2014-02-13,-3.06,2.1200
0.7840,2014-02-12,-0.38,2.1440
0.7870,2014-02-11,-1.13,2.1470
0.7960,2014-02-10,2.18,2.1560
0.7790,2014-02-07,1.04,2.1390
0.7710,2014-01-30,0.00,2.1310
0.7710,2014-01-29,1.85,2.1310
0.7570,2014-01-28,-0.26,2.1170
0.7590,2014-01-27,-0.52,2.1190
0.7630,2014-01-24,0.66,2.1230
0.7580,2014-01-23,0.93,2.1180
0.7510,2014-01-22,1.76,2.1110
0.7380,2014-01-21,1.93,2.0980
0.7240,2014-01-20,-1.50,2.0840
0.7350,2014-01-17,-1.47,2.0950
0.7460,2014-01-16,-0.93,2.1060
0.7530,2014-01-15,0.67,2.1130
0.7480,2014-01-14,1.91,2.1080
0.7340,2014-01-13,0.14,2.0940
0.7330,2014-01-10,-0.95,2.0930
0.7400,2014-01-09,-1.20,2.1000
0.7490,2014-01-08,1.49,2.1090
0.7380,2014-01-07,1.10,2.0980
0.7300,2014-01-06,-2.14,2.0900
0.7460,2014-01-03,-0.53,2.1060
0.7500,2014-01-02,0.40,2.1100
0.7470,2013-12-31,0.81,2.1070
0.7410,2013-12-30,0.54,2.1010
0.7370,2013-12-27,1.24,2.0970
0.7280,2013-12-26,-1.62,2.0880
0.7400,2013-12-25,0.82,2.1000
0.7340,2013-12-24,0.41,2.0940
0.7310,2013-12-23,0.41,2.0910
0.7280,2013-12-20,-1.09,2.0880
0.7360,2013-12-19,-0.27,2.0960
0.7380,2013-12-18,0.00,2.0980
0.7380,2013-12-17,-0.40,2.0980
0.7410,2013-12-16,-1.72,2.1010
0.7540,2013-12-13,0.53,2.1140
0.7500,2013-12-12,0.13,2.1100
0.7490,2013-12-11,-0.79,2.1090
0.7550,2013-12-10,0.13,2.1150
0.7540,2013-12-09,0.94,2.1140
0.7470,2013-12-06,-0.40,2.1070
0.7500,2013-12-05,0.00,2.1100
0.7500,2013-12-04,1.35,2.1100
0.7400,2013-12-03,1.79,2.1000
0.7270,2013-12-02,-3.20,2.0870
0.7510,2013-11-29,0.40,2.1110
0.7480,2013-11-28,0.94,2.1080
0.7410,2013-11-27,0.41,2.1010
0.7380,2013-11-26,0.41,2.0980
0.7350,2013-11-25,-0.14,2.0950
0.7360,2013-11-22,-0.27,2.0960
0.7380,2013-11-21,-0.27,2.0980
0.7400,2013-11-20,0.68,2.1000
0.7350,2013-11-19,0.41,2.0950
0.7320,2013-11-18,1.95,2.0920
0.7180,2013-11-15,1.56,2.0780
0.7070,2013-11-14,0.86,2.0670
0.7010,2013-11-13,-1.82,2.0610
0.7140,2013-11-12,0.56,2.0740
0.7100,2013-11-11,0.57,2.0700
0.7060,2013-11-08,-1.53,2.0660
0.7170,2013-11-07,-1.51,2.0770
0.7280,2013-11-06,-1.09,2.0880
0.7360,2013-11-05,1.24,2.0960
0.7270,2013-11-04,0.41,2.0870
0.7240,2013-11-01,-0.55,2.0840
0.7280,2013-10-31,-3.06,2.0880
0.7510,2013-10-30,1.49,2.1110
0.7400,2013-10-29,-0.27,2.1000
0.7420,2013-10-28,1.09,2.1020
0.7340,2013-10-25,-3.04,2.0940
0.7570,2013-10-24,-0.66,2.1170
0.7620,2013-10-23,-4.51,2.1220
0.7980,2013-10-22,-3.27,2.1580
0.8250,2013-10-21,3.13,2.1850
0.8000,2013-10-18,2.30,2.1600
0.7820,2013-10-17,-1.14,2.1420
0.7910,2013-10-16,-2.10,2.1510
0.8080,2013-10-15,-1.10,2.1680
0.8170,2013-10-14,1.11,2.1770
0.8080,2013-10-11,1.38,2.1680
0.7970,2013-10-10,-2.09,2.1570
0.8140,2013-10-09,0.74,2.1740
0.8080,2013-10-08,1.13,2.1680
0.7990,2013-09-30,3.23,2.1590
0.7740,2013-09-27,0.78,2.1340
0.7680,2013-09-26,-1.41,2.1280
0.7790,2013-09-25,-1.27,2.1390
0.7890,2013-09-24,0.77,2.1490
0.7830,2013-09-23,2.89,2.1430
0.7610,2013-09-18,1.74,2.1210
0.7480,2013-09-17,-1.19,2.1080
0.7570,2013-09-16,1.07,2.1170
0.7490,2013-09-13,1.77,2.1090
0.7360,2013-09-12,0.55,2.0960
0.7320,2013-09-11,-2.66,2.0920
0.7520,2013-09-10,-1.18,2.1120
0.7610,2013-09-09,-0.39,2.1210
0.7640,2013-09-06,0.53,2.1240
0.7600,2013-09-05,1.60,2.1200
0.7480,2013-09-04,0.27,2.1080
0.7460,2013-09-03,1.77,2.1060
0.7330,2013-09-02,1.81,2.0930
0.7200,2013-08-30,-2.57,2.0800
0.7390,2013-08-29,-0.14,2.0990
0.7400,2013-08-28,-1.73,2.1000
0.7530,2013-08-27,0.00,2.1130
0.7530,2013-08-26,1.48,2.1130
0.7420,2013-08-23,0.54,2.1020
0.7380,2013-08-22,0.55,2.0980
0.7340,2013-08-21,0.00,2.0940
0.7340,2013-08-20,-0.14,2.0940
0.7350,2013-08-19,1.80,2.0950
0.7220,2013-08-16,-1.90,2.0820
0.7360,2013-08-15,-1.08,2.0960
0.7440,2013-08-14,0.00,2.1040
0.7440,2013-08-13,-0.13,2.1040
0.7450,2013-08-12,-0.27,2.1050
0.7470,2013-08-09,-0.66,2.1070
0.7520,2013-08-08,0.40,2.1120
0.7490,2013-08-07,-1.71,2.1090
0.7620,2013-08-06,0.66,2.1220
0.7570,2013-08-05,1.61,2.1170
0.7450,2013-08-02,0.54,2.1050
0.7410,2013-08-01,2.92,2.1010
0.7200,2013-07-31,0.28,2.0800
0.7180,2013-07-30,-1.10,2.0780
0.7260,2013-07-29,-2.42,2.0860
0.7440,2013-07-26,0.00,2.1040
0.7440,2013-07-25,-2.23,2.1040
0.7610,2013-07-24,0.79,2.1210
0.7550,2013-07-23,2.30,2.1150
0.7380,2013-07-22,1.10,2.0980
0.7300,2013-07-19,-1.75,2.0900
0.7430,2013-07-18,-0.54,2.1030
0.7470,2013-07-17,-1.19,2.1070
0.7560,2013-07-16,0.00,2.1160
0.7560,2013-07-15,2.44,2.1160
0.7380,2013-07-12,0.14,2.0980
0.7370,2013-07-11,1.94,2.0970
0.7230,2013-07-10,1.54,2.0830
0.7120,2013-07-09,0.57,2.0720
0.7080,2013-07-08,-2.48,2.0680
0.7260,2013-07-05,-0.82,2.0860
0.7320,2013-07-04,-0.54,2.0920
0.7360,2013-07-03,0.68,2.0960
0.7310,2013-07-02,1.39,2.0910
0.7210,2013-07-01,2.85,2.0810
0.7010,2013-06-30,0.00,2.0610
0.7010,2013-06-28,0.86,2.0610
0.6950,2013-06-27,-1.00,2.0550
0.7020,2013-06-26,3.39,2.0620
0.6790,2013-06-25,0.30,2.0390
0.6770,2013-06-24,-4.38,2.0370
0.7080,2013-06-21,-0.28,2.0680
0.7100,2013-06-20,-2.87,2.0700
0.7310,2013-06-19,-0.54,2.0910
0.7350,2013-06-18,0.00,2.0950
0.7350,2013-06-17,0.27,2.0950
0.7330,2013-06-14,2.37,2.0930
0.7160,2013-06-13,-1.92,2.0760
0.7300,2013-06-07,-0.41,2.0900
0.7330,2013-06-06,-1.21,2.0930
0.7420,2013-06-05,0.68,2.1020
0.7370,2013-06-04,-2.64,2.0970
0.7570,2013-06-03,-1.30,2.1170
0.7670,2013-05-31,-1.41,2.1270
0.7780,2013-05-30,0.00,2.1380
0.7780,2013-05-29,0.39,2.1380
0.7750,2013-05-28,-0.90,2.1350
0.7820,2013-05-27,1.30,2.1420
0.7720,2013-05-24,1.85,2.1320
0.7580,2013-05-23,-0.26,2.1180
0.7600,2013-05-22,-2.31,2.1200
0.7780,2013-05-21,1.04,2.1380
0.7700,2013-05-20,1.85,2.1300
0.7560,2013-05-17,1.34,2.1160
0.7460,2013-05-16,0.81,2.1060
0.7400,2013-05-15,2.07,2.1000
0.7250,2013-05-14,-1.09,2.0850
0.7330,2013-05-13,0.00,2.0930
0.7330,2013-05-10,-0.81,2.0930
0.7390,2013-05-09,-0.14,2.0990
0.7400,2013-05-08,1.37,2.1000
0.7300,2013-05-07,-0.55,2.0900
0.7340,2013-05-06,1.24,2.0940
0.7250,2013-05-03,1.97,2.0850
0.7110,2013-05-02,2.45,2.0710
0.6940,2013-04-26,-1.70,2.0540
0.7060,2013-04-25,-1.81,2.0660
0.7190,2013-04-24,2.57,2.0790
0.7010,2013-04-23,-2.10,2.0610
0.7160,2013-04-22,1.70,2.0760
0.7040,2013-04-19,1.73,2.0640
0.6920,2013-04-18,0.14,2.0520
0.6910,2013-04-17,1.92,2.0510
0.6780,2013-04-16,1.19,2.0380
0.6700,2013-04-15,-0.59,2.0300
0.6740,2013-04-12,-0.30,2.0340
0.6760,2013-04-11,0.15,2.0360
0.6750,2013-04-10,-0.59,2.0350
0.6790,2013-04-09,0.74,2.0390
0.6740,2013-04-08,1.97,2.0340
0.6610,2013-04-03,-1.20,2.0210
0.6690,2013-04-02,-2.62,2.0290
0.6870,2013-04-01,1.18,2.0470
0.6790,2013-03-29,0.15,2.0390
0.6780,2013-03-28,-1.74,2.0380
0.6900,2013-03-27,0.44,2.0500
0.6870,2013-03-26,0.15,2.0470
0.6860,2013-03-25,0.00,2.0460
0.6860,2013-03-22,-0.29,2.0460
0.6880,2013-03-21,1.33,2.0480
0.6790,2013-03-20,2.26,2.0390
0.6640,2013-03-19,-0.15,2.0240
0.6650,2013-03-18,-0.45,2.0250
0.6680,2013-03-15,0.75,2.0280
0.6630,2013-03-14,1.53,2.0230
0.6530,2013-03-13,-0.91,2.0130
0.6590,2013-03-12,-2.23,2.0190
0.6740,2013-03-11,0.60,2.0340
0.6700,2013-03-08,-1.33,2.0300
0.6790,2013-03-07,-1.59,2.0390
0.6900,2013-03-06,1.17,2.0500
0.6820,2013-03-05,2.25,2.0420
0.6670,2013-03-04,-3.47,2.0270
0.6910,2013-03-01,1.32,2.0510
0.6820,2013-02-28,1.34,2.0420
0.6730,2013-02-27,-0.30,2.0330
0.6750,2013-02-26,-1.17,2.0350
0.6830,2013-02-25,1.64,2.0430
0.6720,2013-02-22,-0.59,2.0320
0.6760,2013-02-21,-1.02,2.0360
0.6830,2013-02-20,2.71,2.0430
0.6650,2013-02-19,-1.77,2.0250
0.6770,2013-02-18,0.00,2.0370
0.6770,2013-02-08,1.35,2.0370
0.6680,2013-02-07,0.91,2.0280
0.6620,2013-02-06,1.07,2.0220
0.6550,2013-02-05,1.24,2.0150
0.6470,2013-02-04,-1.22,2.0070
0.6550,2013-02-01,0.92,2.0150
0.6490,2013-01-31,-1.07,2.0090
0.6560,2013-01-30,-0.15,2.0160
0.6570,2013-01-29,0.61,2.0170
0.6530,2013-01-28,2.35,2.0130
0.6380,2013-01-25,0.63,1.9980
0.6340,2013-01-24,-2.16,1.9940
0.6480,2013-01-23,0.15,2.0080
0.6470,2013-01-22,-1.52,2.0070
0.6570,2013-01-21,0.31,2.0170
0.6550,2013-01-18,1.71,2.0150
0.6440,2013-01-17,-0.62,2.0040
0.6480,2013-01-16,-0.15,2.0080
0.6490,2013-01-15,1.56,2.0090
0.6390,2013-01-14,2.73,1.9990
0.6220,2013-01-11,-1.27,1.9820
0.6300,2013-01-10,0.00,1.9900
0.6300,2013-01-09,0.32,1.9900
0.6280,2013-01-08,1.13,1.9880
0.6210,2013-01-07,0.65,1.9810
0.6170,2013-01-04,-0.80,1.9770
0.6220,2012-12-31,0.81,1.9820
0.6170,2012-12-28,0.82,1.9770
0.6120,2012-12-27,-0.49,1.9720
0.6150,2012-12-26,0.82,1.9750
0.6100,2012-12-25,1.84,1.9700
0.5990,2012-12-24,1.18,1.9590
0.5920,2012-12-21,0.34,1.9520
0.5900,2012-12-20,0.17,1.9500
0.5890,2012-12-19,0.51,1.9490
0.5860,2012-12-18,-1.01,1.9460
0.5920,2012-12-17,-0.67,1.9520
0.5960,2012-12-14,2.76,1.9560
0.5800,2012-12-13,-0.51,1.9400
0.5830,2012-12-12,-0.17,1.9430
0.5840,2012-12-11,-0.51,1.9440
0.5870,2012-12-10,0.86,1.9470
0.5820,2012-12-07,1.04,1.9420
0.5760,2012-12-06,-0.35,1.9360
0.5780,2012-12-05,2.30,1.9380
0.5650,2012-12-04,1.07,1.9250
0.5590,2012-12-03,-0.89,1.9190
0.5640,2012-11-30,1.08,1.9240
0.5580,2012-11-29,-0.18,1.9180
0.5590,2012-11-28,-1.06,1.9190
0.5650,2012-11-27,-1.22,1.9250
0.5720,2012-11-26,-1.04,1.9320
0.5780,2012-11-23,0.35,1.9380
0.5760,2012-11-22,-0.69,1.9360
0.5800,2012-11-21,0.52,1.9400
0.5770,2012-11-20,0.00,1.9370
0.5770,2012-11-19,-0.17,1.9370
0.5780,2012-11-16,-0.52,1.9380
0.5810,2012-11-15,-0.51,1.9410
0.5840,2012-11-14,-0.17,1.9440
0.5850,2012-11-13,-1.35,1.9450
0.5930,2012-11-12,0.17,1.9530
0.5920,2012-11-09,-0.67,1.9520
0.5960,2012-11-08,-1.49,1.9560
0.6050,2012-11-07,-0.33,1.9650
0.6070,2012-11-06,-0.33,1.9670
0.6090,2012-11-05,-0.81,1.9690
0.6140,2012-11-02,0.00,1.9740
0.6140,2012-11-01,1.32,1.9740
0.6060,2012-10-31,0.66,1.9660
0.6020,2012-10-30,0.33,1.9620
0.6000,2012-10-29,0.00,1.9600
0.6000,2012-10-26,-1.32,1.9600
0.6080,2012-10-25,-0.65,1.9680
0.6120,2012-10-24,-0.33,1.9720
0.6140,2012-10-23,-1.44,1.9740
0.6230,2012-10-22,0.16,1.9830
0.6220,2012-10-19,-0.16,1.9820
0.6230,2012-10-18,1.30,1.9830
0.6150,2012-10-17,0.00,1.9750
0.6150,2012-10-16,0.49,1.9750
0.6120,2012-10-15,0.00,1.9720
0.6120,2012-10-12,-0.33,1.9720
0.6140,2012-10-11,-1.29,1.9740
0.6220,2012-10-10,0.32,1.9820
0.6200,2012-10-09,1.97,1.9800
0.6080,2012-10-08,-0.49,1.9680
0.6110,2012-09-30,0.00,1.9710
0.6110,2012-09-28,1.33,1.9710
0.6030,2012-09-27,1.86,1.9630
0.5920,2012-09-26,-1.33,1.9520
0.6000,2012-09-25,0.00,1.9600
0.6000,2012-09-24,0.50,1.9600
0.5970,2012-09-21,-0.17,1.9570
0.5980,2012-09-20,-2.13,1.9580
0.6110,2012-09-19,0.33,1.9710
0.6090,2012-09-18,-0.16,1.9690
0.6100,2012-09-17,-2.09,1.9700
0.6230,2012-09-14,0.00,1.9830
0.6230,2012-09-13,-0.95,1.9830
0.6290,2012-09-12,0.32,1.9890
0.6270,2012-09-11,-0.48,1.9870
0.6300,2012-09-10,0.16,1.9900
0.6290,2012-09-07,2.61,1.9890
0.6130,2012-09-06,0.66,1.9730
0.6090,2012-09-05,0.33,1.9690
0.6070,2012-09-04,-0.49,1.9670
0.6100,2012-09-03,2.01,1.9700
0.5980,2012-08-31,0.50,1.9580
0.5950,2012-08-30,-1.16,1.9550
0.6020,2012-08-29,-0.66,1.9620
0.6060,2012-08-28,0.00,1.9660
0.6060,2012-08-27,-1.14,1.9660
0.6130,2012-08-24,-1.29,1.9730
0.6210,2012-08-23,-0.16,1.9810
0.6220,2012-08-22,-0.16,1.9820
0.6230,2012-08-21,0.97,1.9830
0.6170,2012-08-20,0.00,1.9770
0.6170,2012-08-17,-0.48,1.9770
0.6200,2012-08-16,-0.64,1.9800
0.6240,2012-08-15,-0.48,1.9840
0.6270,2012-08-14,0.16,1.9870
0.6260,2012-08-13,-2.64,1.9860
0.6430,2012-08-10,-0.46,2.0030
0.6460,2012-08-09,1.25,2.0060
0.6380,2012-08-08,-0.31,1.9980
0.6400,2012-08-07,-0.16,2.0000
0.6410,2012-08-06,1.26,2.0010
0.6330,2012-08-03,0.64,1.9930
0.6290,2012-08-02,-1.87,1.9890
0.6410,2012-08-01,0.94,2.0010
0.6350,2012-07-31,0.32,1.9950
0.6330,2012-07-30,-1.25,1.9930
0.6410,2012-07-27,-0.62,2.0010
0.6450,2012-07-26,-1.07,2.0050
0.6520,2012-07-25,-1.06,2.0120
0.6590,2012-07-24,0.92,2.0190
0.6530,2012-07-23,-1.66,2.0130
0.6640,2012-07-20,-1.19,2.0240
0.6720,2012-07-19,1.20,2.0320
0.6640,2012-07-18,-1.04,2.0240
0.6710,2012-07-17,0.75,2.0310
0.6660,2012-07-16,-2.49,2.0260
0.6830,2012-07-13,-0.15,2.0430
0.6840,2012-07-12,1.03,2.0440
0.6770,2012-07-11,1.04,2.0370
0.6700,2012-07-10,-0.89,2.0300
0.6760,2012-07-09,-1.74,2.0360
0.6880,2012-07-06,2.23,2.0480
0.6730,2012-07-05,-1.75,2.0330
0.6850,2012-07-04,-0.58,2.0450
0.6890,2012-07-03,1.03,2.0490
0.6820,2012-07-02,0.59,2.0420
0.6780,2012-06-30,0.00,2.0380
0.6780,2012-06-29,1.80,2.0380
0.6660,2012-06-28,-0.60,2.0260
0.6700,2012-06-27,0.15,2.0300
0.6690,2012-06-26,0.60,2.0290
0.6650,2012-06-25,-3.76,2.0250
0.6910,2012-06-21,-1.71,2.0510
0.7030,2012-06-20,-0.14,2.0630
0.7040,2012-06-19,-0.98,2.0640
0.7110,2012-06-18,0.57,2.0710
0.7070,2012-06-15,-0.28,2.0670
0.7090,2012-06-14,-0.70,2.0690
0.7140,2012-06-13,2.44,2.0740
0.6970,2012-06-12,0.00,2.0570
0.6970,2012-06-11,1.60,2.0570
0.6860,2012-06-08,-0.58,2.0460
0.6900,2012-06-07,-0.14,2.0500
0.6910,2012-06-06,-0.58,2.0510
0.6950,2012-06-05,-0.43,2.0550
0.6980,2012-06-04,-3.19,2.0580
0.7210,2012-06-01,-0.28,2.0810
0.7230,2012-05-31,-0.28,2.0830
0.7250,2012-05-30,0.00,2.0850
0.7250,2012-05-29,1.40,2.0850
0.7150,2012-05-28,1.27,2.0750
0.7060,2012-05-25,-1.12,2.0660
0.7140,2012-05-24,-1.24,2.0740
0.7230,2012-05-23,-0.28,2.0830
0.7250,2012-05-22,1.26,2.0850
0.7160,2012-05-21,0.28,2.0760
0.7140,2012-05-18,-1.24,2.0740
0.7230,2012-05-17,1.54,2.0830
0.7120,2012-05-16,-1.39,2.0720
0.7220,2012-05-15,0.00,2.0820
0.7220,2012-05-14,-1.23,2.0820
0.7310,2012-05-11,-0.81,2.0910
0.7370,2012-05-10,0.00,2.0970
0.7370,2012-05-09,-1.73,2.0970
0.7500,2012-05-08,-0.40,2.1100
0.7530,2012-05-07,-0.40,2.1130
0.7560,2012-05-04,0.80,2.1160
0.7500,2012-05-03,0.67,2.1100
0.7450,2012-05-02,2.48,2.1050
0.7270,2012-04-27,-0.41,2.0870
0.7300,2012-04-26,-0.14,2.0900
0.7310,2012-04-25,0.55,2.0910
0.7270,2012-04-24,-0.27,2.0870
0.7290,2012-04-23,-1.09,2.0890
0.7370,2012-04-20,1.38,2.0970
0.7270,2012-04-19,0.83,2.0870
0.7210,2012-04-18,2.41,2.0810
0.7040,2012-04-17,-1.40,2.0640
0.7140,2012-04-16,-0.56,2.0740
0.7180,2012-04-13,0.70,2.0780
0.7130,2012-04-12,2.44,2.0730
0.6960,2012-04-11,-0.43,2.0560
0.6990,2012-04-10,0.72,2.0590
0.6940,2012-04-09,-0.72,2.0540
0.6990,2012-04-06,0.29,2.0590
0.6970,2012-04-05,2.65,2.0570
0.6790,2012-03-31,0.00,2.0390
0.6790,2012-03-30,0.30,2.0390
0.6770,2012-03-29,-1.88,2.0370
0.6900,2012-03-28,-3.50,2.0500
0.7150,2012-03-27,-0.28,2.0750
0.7170,2012-03-26,0.42,2.0770
0.7140,2012-03-23,-1.65,2.0740
0.7260,2012-03-22,-0.82,2.0860
0.7320,2012-03-21,0.41,2.0920
0.7290,2012-03-20,-2.02,2.0890
0.7440,2012-03-19,0.40,2.1040
0.7410,2012-03-16,1.37,2.1010
0.7310,2012-03-15,-0.54,2.0910
0.7350,2012-03-14,-2.78,2.0950
0.7560,2012-03-13,1.07,2.1160
0.7480,2012-03-12,-0.53,2.1080
0.7520,2012-03-09,1.48,2.1120
0.7410,2012-03-08,1.65,2.1010
0.7290,2012-03-07,-0.95,2.0890
0.7360,2012-03-06,-2.00,2.0960
0.7510,2012-03-05,-0.53,2.1110
0.7550,2012-03-02,2.03,2.1150
0.7400,2012-03-01,-0.14,2.1000
0.7410,2012-02-29,-1.07,2.1010
0.7490,2012-02-28,-0.53,2.1090
0.7530,2012-02-27,0.13,2.1130
0.7520,2012-02-24,1.35,2.1120
0.7420,2012-02-23,0.54,2.1020
0.7380,2012-02-22,1.37,2.0980
0.7280,2012-02-21,0.97,2.0880
0.7210,2012-02-20,0.14,2.0810
0.7200,2012-02-17,0.00,2.0800
0.7200,2012-02-16,-0.83,2.0800
0.7260,2012-02-15,0.97,2.0860
0.7190,2012-02-14,-0.55,2.0790
0.7230,2012-02-13,0.14,2.0830
0.7220,2012-02-10,-0.14,2.0820
0.7230,2012-02-09,0.00,2.0830
0.7230,2012-02-08,3.88,2.0830
0.6960,2012-02-07,-1.69,2.0560
0.7080,2012-02-06,0.00,2.0680
0.7080,2012-02-03,0.57,2.0680
0.7040,2012-02-02,2.62,2.0640
0.6860,2012-02-01,-1.58,2.0460
0.6970,2012-01-31,0.14,2.0570
0.6960,2012-01-30,-1.56,2.0560
0.7070,2012-01-20,1.29,2.0670
0.6980,2012-01-19,1.90,2.0580
0.6850,2012-01-18,-1.58,2.0450
0.6960,2012-01-17,5.94,2.0560
0.6570,2012-01-16,-2.52,2.0170
0.6740,2012-01-13,-2.03,2.0340
0.6880,2012-01-12,-0.15,2.0480
0.6890,2012-01-11,-0.58,2.0490
0.6930,2012-01-10,3.43,2.0530
0.6700,2012-01-09,4.36,2.0300
0.6420,2012-01-06,0.63,2.0020
0.6380,2012-01-05,-1.85,1.9980
0.6500,2012-01-04,-2.26,2.0100
0.6650,2011-12-31,0.00,2.0250
0.6650,2011-12-30,1.68,2.0250
0.6540,2011-12-29,0.46,2.0140
0.6510,2011-12-28,-0.31,2.0110
0.6530,2011-12-27,-1.21,2.0130
0.6610,2011-12-26,-1.20,2.0210
0.6690,2011-12-23,0.60,2.0290
0.6650,2011-12-22,0.00,2.0250
0.6650,2011-12-21,-1.63,2.0250
0.6760,2011-12-20,0.00,2.0360
0.6760,2011-12-19,-0.30,2.0360
0.6780,2011-12-16,2.26,2.0380
0.6630,2011-12-15,-3.63,2.0230
0.6880,2011-12-14,-1.29,2.0480
0.6970,2011-12-13,-2.38,2.0570
0.7140,2011-12-12,-1.11,2.0740
0.7220,2011-12-09,-1.10,2.0820
0.7300,2011-12-08,-0.27,2.0900
0.7320,2011-12-07,0.55,2.0920
0.7280,2011-12-06,-0.27,2.0880
0.7300,2011-12-05,-2.01,2.0900
0.7450,2011-12-02,-1.84,2.1050
0.7590,2011-12-01,2.85,2.1190
0.7380,2011-11-30,-3.66,2.0980
0.7660,2011-11-29,1.73,2.1260
0.7530,2011-11-28,0.27,2.1130
0.7510,2011-11-25,-0.79,2.1110
0.7570,2011-11-24,-0.13,2.1170
0.7580,2011-11-23,-1.17,2.1180
0.7670,2011-11-22,0.00,2.1270
0.7670,2011-11-21,-0.26,2.1270
0.7690,2011-11-18,-2.41,2.1290
0.7880,2011-11-17,-0.38,2.1480
0.7910,2011-11-16,-2.83,2.1510
0.8140,2011-11-15,-0.37,2.1740
0.8170,2011-11-14,2.25,2.1770
0.7990,2011-11-11,-0.13,2.1590
0.8000,2011-11-10,-1.60,2.1600
0.8130,2011-11-09,0.87,2.1730
0.8060,2011-11-08,-0.37,2.1660
0.8090,2011-11-07,-0.86,2.1690
0.8160,2011-11-04,0.99,2.1760
0.8080,2011-11-03,0.00,2.1680
0.8080,2011-11-02,1.25,2.1680
0.7980,2011-11-01,-0.25,2.1580
0.8000,2011-10-31,-0.12,2.1600
0.8010,2011-10-28,2.56,2.1610
0.7810,2011-10-27,0.13,2.1410
0.7800,2011-10-26,0.78,2.1400
0.7740,2011-10-25,2.79,2.1340
0.7530,2011-10-24,2.87,2.1130
0.7320,2011-10-21,-0.81,2.0920
0.7380,2011-10-20,-3.53,2.0980
0.7650,2011-10-19,-0.65,2.1250
0.7700,2011-10-18,-3.27,2.1300
0.7960,2011-10-17,0.25,2.1560
0.7940,2011-10-14,-0.25,2.1540
0.7960,2011-10-13,0.89,2.1560
0.7890,2011-10-12,3.14,2.1490
0.7650,2011-10-11,-1.80,2.1250
0.7790,2011-10-10,-1.14,2.1390
0.7880,2011-09-30,-0.51,2.1480
0.7920,2011-09-29,-1.25,2.1520
0.8020,2011-09-28,-0.74,2.1620
0.8080,2011-09-27,1.00,2.1680
0.8000,2011-09-26,-2.20,2.1600
0.8180,2011-09-23,-0.85,2.1780
0.8250,2011-09-22,-2.94,2.1850
0.8500,2011-09-21,3.03,2.2100
0.8250,2011-09-20,0.73,2.1850
0.8190,2011-09-19,-2.15,2.1790
0.8370,2011-09-16,0.24,2.1970
0.8350,2011-09-15,0.00,2.1950
0.8350,2011-09-14,0.48,2.1950
0.8310,2011-09-13,-1.31,2.1910
0.8420,2011-09-09,-0.24,2.2020
0.8440,2011-09-08,-0.47,2.2040
0.8480,2011-09-07,2.17,2.2080
0.8300,2011-09-06,-1.19,2.1900
0.8400,2011-09-05,-2.55,2.2000
0.8620,2011-09-02,-1.37,2.2220
0.8740,2011-09-01,-0.23,2.2340
0.8760,2011-08-31,0.23,2.2360
0.8740,2011-08-30,-0.11,2.2340
0.8750,2011-08-29,-1.46,2.2350
0.8880,2011-08-26,-0.11,2.2480
0.8890,2011-08-25,3.25,2.2490
0.8610,2011-08-24,-0.92,2.2210
0.8690,2011-08-23,1.76,2.2290
0.8540,2011-08-22,-0.81,2.2140
0.8610,2011-08-19,-1.94,2.2210
0.8780,2011-08-18,-1.57,2.2380
0.8920,2011-08-17,-0.78,2.2520
0.8990,2011-08-16,-0.66,2.2590
0.9050,2011-08-15,0.67,2.2650
0.8990,2011-08-12,0.45,2.2590
0.8950,2011-08-11,1.24,2.2550
0.8840,2011-08-10,0.80,2.2440
0.8770,2011-08-09,-0.11,2.2370
0.8780,2011-08-08,-3.20,2.2380
0.9070,2011-08-05,-1.52,2.2670
0.9210,2011-08-04,0.22,2.2810
0.9190,2011-08-03,-0.22,2.2790
0.9210,2011-08-02,-0.22,2.2810
0.9230,2011-08-01,0.65,2.2830
0.9170,2011-07-29,-0.54,2.2770
0.9220,2011-07-28,0.44,2.2820
0.9180,2011-07-27,1.32,2.2780
0.9060,2011-07-26,0.11,2.2660
0.9050,2011-07-25,-2.79,2.2650
0.9310,2011-07-22,0.43,2.2910
0.9270,2011-07-21,-0.96,2.2870
0.9360,2011-07-20,0.00,2.2960
0.9360,2011-07-19,-0.32,2.2960
0.9390,2011-07-18,-0.32,2.2990
0.9420,2011-07-15,0.53,2.3020
0.9370,2011-07-14,0.64,2.2970
0.9310,2011-07-13,1.64,2.2910
0.9160,2011-07-12,-1.40,2.2760
0.9290,2011-07-11,-0.11,2.2890
0.9300,2011-07-08,0.32,2.2900
0.9270,2011-07-07,-0.11,2.2870
0.9280,2011-07-06,-0.11,2.2880
0.9290,2011-07-05,0.00,2.2890
0.9290,2011-07-04,2.09,2.2890
0.9100,2011-07-01,0.78,2.2700
0.9030,2011-06-30,1.69,2.2630
0.8880,2011-06-29,-1.22,2.2480
0.8990,2011-06-28,0.45,2.2590
0.8950,2011-06-27,0.90,2.2550
0.8870,2011-06-24,1.84,2.2470
0.8710,2011-06-23,1.75,2.2310
0.8560,2011-06-22,-0.12,2.2160
0.8570,2011-06-21,1.18,2.2170
0.8470,2011-06-20,-0.35,2.2070
0.8500,2011-06-17,-0.70,2.2100
0.8560,2011-06-16,-1.27,2.2160
0.8670,2011-06-15,-0.91,2.2270
0.8750,2011-06-14,1.27,2.2350
0.8640,2011-06-13,-0.12,2.2240
0.8650,2011-06-10,0.12,2.2250
0.8640,2011-06-09,-1.59,2.2240
0.8780,2011-06-08,-0.11,2.2380
0.8790,2011-06-07,0.57,2.2390
0.8740,2011-06-03,1.16,2.2340
0.8640,2011-06-02,-1.48,2.2240
0.8770,2011-06-01,0.34,2.2370
0.8740,2011-05-31,1.63,2.2340
0.8600,2011-05-30,-0.92,2.2200
0.8680,2011-05-27,-0.34,2.2280
0.8710,2011-05-26,-0.91,2.2310
0.8790,2011-05-25,-0.57,2.2390
0.8840,2011-05-24,0.11,2.2440
0.8830,2011-05-23,-2.75,2.2430
0.9080,2011-05-20,0.44,2.2680
0.9040,2011-05-19,-0.99,2.2640
0.9130,2011-05-18,0.66,2.2730
0.9070,2011-05-17,0.67,2.2670
0.9010,2011-05-16,-0.88,2.2610
0.9090,2011-05-13,1.34,2.2690
0.8970,2011-05-12,-1.54,2.2570
0.9110,2011-05-11,0.00,2.2710
0.9110,2011-05-10,0.89,2.2710
0.9030,2011-05-09,0.44,2.2630
0.8990,2011-05-06,-0.77,2.2590
0.9060,2011-05-05,-0.55,2.2660
0.9110,2011-05-04,-3.09,2.2710
0.9400,2011-05-03,0.11,2.3000
0.9390,2011-04-29,0.97,2.2990
0.9300,2011-04-28,-1.48,2.2900
0.9440,2011-04-27,-0.53,2.3040
0.9490,2011-04-26,-0.84,2.3090
0.9570,2011-04-25,-2.15,2.3170
0.9780,2011-04-22,-1.01,2.3380
0.9880,2011-04-21,1.02,2.3480
0.9780,2011-04-20,0.20,2.3380
0.9760,2011-04-19,-2.20,2.3360
0.9980,2011-04-18,0.00,2.3580
0.9980,2011-04-15,-0.20,2.3580
1.0000,2011-04-14,-0.79,2.3600
1.0080,2011-04-13,1.10,2.3680
0.9970,2011-04-12,-0.99,2.3570
1.0070,2011-04-11,-0.69,2.3670
1.0140,2011-04-08,1.00,2.3740
1.0040,2011-04-07,0.30,2.3640
1.0010,2011-04-06,1.52,2.3610
0.9860,2011-04-01,1.96,2.3460
0.9670,2011-03-31,-0.82,2.3270
0.9750,2011-03-30,-0.81,2.3350
0.9830,2011-03-29,-1.21,2.3430
0.9950,2011-03-28,0.30,2.3550
0.9920,2011-03-25,1.43,2.3520
0.9780,2011-03-24,-0.31,2.3380
0.9810,2011-03-23,1.55,2.3410
0.9660,2011-03-22,0.10,2.3260
0.9650,2011-03-21,-0.21,2.3250
0.9670,2011-03-18,0.94,2.3270
0.9580,2011-03-17,-1.64,2.3180
0.9740,2011-03-16,1.78,2.3340
0.9570,2011-03-15,-1.75,2.3170
0.9740,2011-03-14,0.00,2.3340
0.9740,2011-03-11,-0.71,2.3340
0.9810,2011-03-10,-2.39,2.3410
1.0050,2011-03-09,-0.10,2.3650
1.0060,2011-03-08,-0.30,2.3660
1.0090,2011-03-07,3.38,2.3690
0.9760,2011-03-04,1.56,2.3360
0.9610,2011-03-03,-1.33,2.3210
0.9740,2011-03-02,-0.61,2.3340
0.9800,2011-03-01,0.72,2.3400
0.9730,2011-02-28,1.25,2.3330
0.9610,2011-02-25,0.10,2.3210
0.9600,2011-02-24,0.73,2.3200
0.9530,2011-02-23,0.21,2.3130
0.9510,2011-02-22,-3.45,2.3110
0.9850,2011-02-21,1.55,2.3450
0.9700,2011-02-18,-1.12,2.3300
0.9810,2011-02-17,-0.51,2.3410
0.9860,2011-02-16,1.75,2.3460
0.9690,2011-02-15,-0.21,2.3290
0.9710,2011-02-14,4.07,2.3310
0.9330,2011-02-11,0.32,2.2930
0.9300,2011-02-10,2.76,2.2900
0.9050,2011-02-09,-2.90,2.2650
0.9320,2011-02-01,0.65,2.2920
0.9260,2011-01-31,0.87,2.2860
0.9180,2011-01-28,0.55,2.2780
0.9130,2011-01-27,2.13,2.2730
0.8940,2011-01-26,1.25,2.2540
0.8830,2011-01-25,-0.23,2.2430
0.8850,2011-01-24,-2.64,2.2450
0.9090,2011-01-21,1.00,2.2690
0.9000,2011-01-20,-3.85,2.2600
0.9360,2011-01-19,2.74,2.2960
0.9110,2011-01-18,-0.22,2.2710
0.9130,2011-01-17,-4.10,2.2730
0.9520,2011-01-14,-2.46,2.3120
0.9760,2011-01-13,-0.31,2.3360
0.9790,2011-01-12,0.00,2.3390
0.9790,2011-01-11,0.62,2.3390
0.9730,2011-01-10,-2.80,2.3330
1.0010,2011-01-07,-0.89,2.3610
1.0100,2011-01-06,-0.20,2.3700
1.0120,2011-01-05,0.00,2.3720
1.0120,2011-01-04,2.64,2.3720
0.9860,2010-12-31,3.79,2.3460
0.9500,2010-12-30,0.53,2.3100
0.9450,2010-12-29,0.21,2.3050
0.9430,2010-12-28,-1.87,2.3030
0.9610,2010-12-27,-1.44,2.3210
0.9750,2010-12-24,-1.22,2.3350
0.9870,2010-12-23,-0.40,2.3470
0.9910,2010-12-22,-1.49,2.3510
1.0060,2010-12-21,2.03,2.3660
0.9860,2010-12-20,-1.20,2.3460
0.9980,2010-12-17,-0.50,2.3580
1.0030,2010-12-16,-0.78,2.3630
1.0210,2010-12-15,-0.49,2.3710
1.0260,2010-12-14,0.20,2.3760
1.0240,2010-12-13,3.23,2.3740
0.9920,2010-12-10,1.22,2.3420
0.9800,2010-12-09,-1.61,2.3300
0.9960,2010-12-08,-0.50,2.3460
1.0010,2010-12-07,1.52,2.3510
0.9860,2010-12-06,0.10,2.3360
0.9850,2010-12-03,-0.10,2.3350
0.9860,2010-12-02,0.61,2.3360
0.9800,2010-12-01,-0.31,2.3300
0.9830,2010-11-30,-0.81,2.3330
0.9910,2010-11-29,-0.60,2.3410
0.9970,2010-11-26,-0.99,2.3470
1.0070,2010-11-25,1.21,2.3570
0.9950,2010-11-24,2.90,2.3450
0.9670,2010-11-23,-1.53,2.3170
0.9820,2010-11-22,-0.41,2.3320
0.9860,2010-11-19,1.13,2.3360
0.9750,2010-11-18,2.20,2.3250
0.9540,2010-11-17,-2.45,2.3040
0.9780,2010-11-16,-4.49,2.3280
1.0240,2010-11-15,-0.10,2.3740
1.0250,2010-11-12,-6.14,2.3750
1.0920,2010-11-11,0.18,2.4420
1.0900,2010-11-10,-0.46,2.4400
1.0950,2010-11-09,-0.09,2.4450
1.0960,2010-11-08,0.83,2.4460
1.0870,2010-11-05,1.02,2.4370
1.0760,2010-11-04,1.70,2.4260
1.0580,2010-11-03,-1.67,2.4080
1.0760,2010-11-02,-0.37,2.4260
1.0800,2010-11-01,3.95,2.4300
1.0390,2010-10-29,0.39,2.3890
1.0350,2010-10-28,-0.29,2.3850
1.0380,2010-10-27,-1.33,2.3880
1.0520,2010-10-26,-0.85,2.4020
1.0610,2010-10-25,3.41,2.4110
1.0260,2010-10-22,1.38,2.3760
1.0120,2010-10-21,0.50,2.3620
1.0070,2010-10-20,2.03,2.3570
0.9870,2010-10-19,2.71,2.3370
0.9610,2010-10-18,-1.13,2.3110
0.9720,2010-10-15,1.99,2.3220
0.9530,2010-10-14,-1.04,2.3030
0.9630,2010-10-13,1.26,2.3130
0.9510,2010-10-12,1.28,2.3010
0.9390,2010-10-11,0.21,2.2890
0.9370,2010-10-08,2.29,2.2870
0.9160,2010-09-30,1.22,2.2660
0.9050,2010-09-29,-0.88,2.2550
0.9130,2010-09-28,-0.22,2.2630
0.9150,2010-09-27,1.89,2.2650
0.8980,2010-09-21,0.34,2.2480
0.8950,2010-09-20,-0.56,2.2450
0.9000,2010-09-17,0.45,2.2500
0.8960,2010-09-16,-1.54,2.2460
0.9100,2010-09-15,-1.83,2.2600
0.9270,2010-09-14,0.00,2.2770
0.9270,2010-09-13,1.20,2.2770
0.9160,2010-09-10,0.66,2.2660
0.9100,2010-09-09,-1.30,2.2600
0.9220,2010-09-08,0.55,2.2720
0.9170,2010-09-07,0.11,2.2670
0.9160,2010-09-06,0.88,2.2660
0.9080,2010-09-03,0.22,2.2580
0.9060,2010-09-02,1.12,2.2560
0.8960,2010-09-01,-0.55,2.2460
0.9010,2010-08-31,0.22,2.2510
0.8990,2010-08-30,1.58,2.2490
0.8850,2010-08-27,0.34,2.2350
0.8820,2010-08-26,0.23,2.2320
0.8800,2010-08-25,-1.68,2.2300
0.8950,2010-08-24,0.67,2.2450
0.8890,2010-08-23,-0.11,2.2390
0.8900,2010-08-20,-1.44,2.2400
0.9030,2010-08-19,0.11,2.2530
0.9020,2010-08-18,-0.33,2.2520
0.9050,2010-08-17,0.67,2.2550
0.8990,2010-08-16,1.70,2.2490
0.8840,2010-08-13,1.03,2.2340
0.8750,2010-08-12,-0.68,2.2250
0.8810,2010-08-11,0.46,2.2310
0.8770,2010-08-10,-2.56,2.2270
0.9000,2010-08-09,0.67,2.2500
0.8940,2010-08-06,1.25,2.2440
0.8830,2010-08-05,-0.23,2.2330
0.8850,2010-08-04,0.34,2.2350
0.8820,2010-08-03,-1.23,2.2320
0.8930,2010-08-02,1.71,2.2430
0.8780,2010-07-30,-0.11,2.2280
0.8790,2010-07-29,-0.34,2.2290
0.8820,2010-07-28,1.61,2.2320
0.8680,2010-07-27,0.00,2.2180
0.8680,2010-07-26,0.58,2.2180
0.8630,2010-07-23,0.58,2.2130
0.8580,2010-07-22,0.94,2.2080
0.8500,2010-07-21,0.59,2.2000
0.8450,2010-07-20,2.18,2.1950
0.8270,2010-07-19,2.10,2.1770
0.8100,2010-07-16,0.12,2.1600
0.8090,2010-07-15,-1.34,2.1590
0.8200,2010-07-14,0.37,2.1700
0.8170,2010-07-13,-1.21,2.1670
0.8270,2010-07-12,0.73,2.1770
0.8210,2010-07-09,2.50,2.1710
0.8010,2010-07-08,-0.25,2.1510
0.8030,2010-07-07,0.75,2.1530
0.7970,2010-07-06,1.92,2.1470
0.7820,2010-07-05,0.00,2.1320
0.7820,2010-07-02,-0.26,2.1320
0.7840,2010-07-01,-1.88,2.1340
0.7990,2010-06-30,-1.11,2.1490
0.8080,2010-06-29,-3.81,2.1580
0.8400,2010-06-28,-1.18,2.1900
0.8500,2010-06-25,-1.39,2.2000
0.8620,2010-06-24,0.12,2.2120
0.8610,2010-06-23,-1.03,2.2110
0.8700,2010-06-22,0.35,2.2200
0.8670,2010-06-21,2.00,2.2170
0.8500,2010-06-18,-3.19,2.2000
0.8780,2010-06-17,-1.46,2.2280
0.8910,2010-06-11,-0.22,2.2410
0.8930,2010-06-10,0.11,2.2430
0.8920,2010-06-09,2.18,2.2420
0.8730,2010-06-08,0.58,2.2230
0.8680,2010-06-07,-0.57,2.2180
0.8730,2010-06-04,0.46,2.2230
0.8690,2010-06-03,-0.34,2.2190
0.8720,2010-06-02,0.93,2.2220
0.8640,2010-06-01,-0.46,2.2140
0.8680,2010-05-31,-2.14,2.2180
0.8870,2010-05-28,0.11,2.2370
0.8860,2010-05-27,1.49,2.2360
0.8730,2010-05-26,0.00,2.2230
0.8730,2010-05-25,-1.02,2.2230
0.8820,2010-05-24,3.16,2.2320
0.8550,2010-05-21,1.66,2.2050
0.8410,2010-05-20,-0.71,2.1910
0.8470,2010-05-19,0.36,2.1970
0.8440,2010-05-18,0.72,2.1940
0.8380,2010-05-17,-4.45,2.1880
0.8770,2010-05-14,0.00,2.2270
0.8770,2010-05-13,2.69,2.2270
0.8540,2010-05-12,-1.16,2.2040
0.8640,2010-05-11,-1.71,2.2140
0.8790,2010-05-10,-0.57,2.2290
0.8840,2010-05-07,-1.45,2.2340
0.8970,2010-05-06,-3.03,2.2470
0.9250,2010-05-05,1.43,2.2750
0.9120,2010-05-04,-0.22,2.2620
0.9140,2010-04-30,-1.72,2.2640
0.9300,2010-04-29,-2.72,2.2800
0.9560,2010-04-28,0.00,2.3060
0.9560,2010-04-27,-1.95,2.3060
0.9750,2010-04-26,-0.51,2.3250
0.9800,2010-04-23,-1.01,2.3300
0.9900,2010-04-22,0.20,2.3400
0.9880,2010-04-21,2.49,2.3380
0.9640,2010-04-20,0.73,2.3140
0.9570,2010-04-19,-3.43,2.3070
0.9910,2010-04-16,-0.20,2.3410
0.9930,2010-04-15,-1.00,2.3430
1.0030,2010-04-14,0.91,2.3530
0.9940,2010-04-13,-0.20,2.3440
0.9960,2010-04-12,0.61,2.3460
0.9900,2010-04-09,1.12,2.3400
0.9790,2010-04-08,-0.10,2.3290
0.9800,2010-04-07,-0.20,2.3300
0.9820,2010-04-06,-0.10,2.3320
0.9830,2010-04-02,0.72,2.3330
0.9760,2010-04-01,1.14,2.3260
0.9650,2010-03-31,-0.10,2.3150
0.9660,2010-03-30,0.42,2.3160
0.9620,2010-03-29,0.84,2.3120
0.9540,2010-03-26,1.06,2.3040
0.9440,2010-03-25,-0.84,2.2940
0.9520,2010-03-24,0.53,2.3020
0.9470,2010-03-23,-0.21,2.2970
0.9490,2010-03-22,0.64,2.2990
0.9430,2010-03-19,0.43,2.2930
0.9390,2010-03-18,0.00,2.2890
0.9390,2010-03-17,1.84,2.2890
0.9220,2010-03-16,0.11,2.2720
0.9210,2010-03-15,-1.18,2.2710
0.9320,2010-03-12,-1.06,2.2820
0.9420,2010-03-11,-0.63,2.2920
0.9480,2010-03-10,-0.94,2.2980
0.9570,2010-03-09,0.10,2.3070
0.9560,2010-03-08,0.74,2.3060
0.9490,2010-03-05,0.21,2.2990
0.9470,2010-03-04,-2.47,2.2970
0.9710,2010-03-03,0.52,2.3210
0.9660,2010-03-02,-0.51,2.3160
0.9710,2010-03-01,0.52,2.3210
0.9660,2010-02-26,0.10,2.3160
0.9650,2010-02-25,1.15,2.3150
0.9540,2010-02-24,1.71,2.3040
0.9380,2010-02-23,-0.32,2.2880
0.9410,2010-02-22,-0.42,2.2910
0.9450,2010-02-12,0.64,2.2950
0.9390,2010-02-11,0.21,2.2890
0.9370,2010-02-10,1.63,2.2870
0.9220,2010-02-09,0.22,2.2720
0.9200,2010-02-08,0.11,2.2700
0.9190,2010-02-05,-1.82,2.2690
0.9360,2010-02-04,0.21,2.2860
0.9340,2010-02-03,1.41,2.2840
0.9210,2010-02-02,-0.65,2.2710
0.9270,2010-02-01,-1.07,2.2770
0.9370,2010-01-29,0.21,2.2870
0.9350,2010-01-28,1.30,2.2850
0.9230,2010-01-27,-0.43,2.2730
0.9270,2010-01-26,-2.83,2.2770
0.9540,2010-01-25,-0.93,2.3040
0.9630,2010-01-22,-2.03,2.3130
0.9830,2010-01-21,0.00,2.3330
0.9830,2010-01-20,-3.15,2.3330
1.0150,2010-01-19,0.10,2.3650
1.0140,2010-01-18,0.50,2.3640
1.0090,2010-01-15,0.60,2.3590
1.0030,2010-01-14,1.72,2.3530
0.9860,2010-01-13,-1.89,2.3360
1.0050,2010-01-12,1.72,2.3550
0.9880,2010-01-11,0.00,2.3380
0.9880,2010-01-08,0.00,2.3380
0.9880,2010-01-07,-1.69,2.3380
1.0050,2010-01-06,-0.20,2.3550
1.0070,2010-01-05,0.30,2.3570
1.0040,2010-01-04,-0.89,2.3540
1.0130,2009-12-31,0.50,2.3630
1.0080,2009-12-30,0.70,2.3580
1.0010,2009-12-29,0.30,2.3510
0.9980,2009-12-28,1.11,2.3480
0.9870,2009-12-25,0.00,2.3370
0.9870,2009-12-24,2.49,2.3370
0.9630,2009-12-23,0.84,2.3130
0.9550,2009-12-22,-2.15,2.3050
0.9760,2009-12-21,0.21,2.3260
0.9740,2009-12-18,-2.60,2.3240
1.0000,2009-12-17,-1.57,2.3500
1.0160,2009-12-16,-0.78,2.3660
1.0240,2009-12-15,-0.58,2.3740
1.0300,2009-12-14,0.39,2.3800
1.0260,2009-12-11,0.10,2.3760
1.0250,2009-12-10,0.20,2.3750
1.0230,2009-12-09,-1.45,2.3730
1.0380,2009-12-08,-0.95,2.3880
1.0480,2009-12-07,0.87,2.3980
1.0390,2009-12-04,0.97,2.3890
1.0290,2009-12-03,-0.39,2.3790
1.0330,2009-12-02,0.98,2.3830
1.0230,2009-12-01,1.09,2.3730
1.0120,2009-11-30,3.27,2.3620
0.9800,2009-11-27,-2.10,2.3300
1.0010,2009-11-26,-3.38,2.3510
1.0360,2009-11-25,1.77,2.3860
1.0180,2009-11-24,-2.40,2.3680
1.0430,2009-11-23,0.48,2.3930
1.0380,2009-11-20,-0.29,2.3880
1.0410,2009-11-19,0.48,2.3910
1.0360,2009-11-18,-0.10,2.3860
1.0370,2009-11-17,-0.19,2.3870
1.0390,2009-11-16,2.67,2.3890
1.0120,2009-11-13,0.10,2.3620
1.0110,2009-11-12,0.10,2.3610
1.0100,2009-11-11,-0.30,2.3600
1.0130,2009-11-10,0.80,2.3630
1.0050,2009-11-09,0.00,2.3550
1.0050,2009-11-06,0.10,2.3550
1.0040,2009-11-05,-0.10,2.3540
1.0050,2009-11-04,0.30,2.3550
1.0020,2009-11-03,1.01,2.3520
0.9920,2009-11-02,3.12,2.3420
0.9620,2009-10-30,0.84,2.3120
0.9540,2009-10-29,-1.75,2.3040
0.9710,2009-10-28,0.21,2.3210
0.9690,2009-10-27,-2.22,2.3190
0.9910,2009-10-26,-0.30,2.3410
0.9940,2009-10-23,1.53,2.3440
0.9790,2009-10-22,-0.41,2.3290
0.9830,2009-10-21,-0.10,2.3330
0.9840,2009-10-20,0.82,2.3340
0.9760,2009-10-19,2.20,2.3260
0.9550,2009-10-16,0.32,2.3050
0.9520,2009-10-15,0.42,2.3020
0.9480,2009-10-14,0.74,2.2980
0.9410,2009-10-13,1.07,2.2910
0.9310,2009-10-12,-0.32,2.2810
0.9340,2009-10-09,3.89,2.2840
0.8990,2009-09-30,0.90,2.2490
0.8910,2009-09-29,0.11,2.2410
0.8900,2009-09-28,-2.09,2.2400
0.9090,2009-09-25,-0.44,2.2590
0.9130,2009-09-24,0.88,2.2630
0.9050,2009-09-23,-1.42,2.2550
0.9180,2009-09-22,-1.92,2.2680
0.9360,2009-09-21,-0.21,2.2860
0.9380,2009-09-18,-2.39,2.2880
0.9610,2009-09-17,1.05,2.3110
0.9510,2009-09-16,-1.76,2.3010
0.9680,2009-09-15,0.52,2.3180
0.9630,2009-09-14,1.26,2.3130
0.9510,2009-09-11,1.82,2.3010
0.9340,2009-09-10,-0.64,2.2840
0.9400,2009-09-09,0.86,2.2900
0.9320,2009-09-08,2.19,2.2820
0.9120,2009-09-07,0.55,2.2620
0.9070,2009-09-04,0.55,2.2570
0.9020,2009-09-03,4.88,2.2520
0.8600,2009-09-02,1.65,2.2100
0.8460,2009-09-01,0.59,2.1960
0.8410,2009-08-31,-6.56,2.1910
0.9000,2009-08-28,-4.15,2.2500
0.9390,2009-08-27,-1.05,2.2890
0.9490,2009-08-26,1.07,2.2990
0.9390,2009-08-25,-4.09,2.2890
0.9790,2009-08-24,0.62,2.3290
0.9730,2009-08-21,1.67,2.3230
0.9570,2009-08-20,4.70,2.3070
0.9140,2009-08-19,-5.29,2.2640
0.9650,2009-08-18,0.31,2.3150
0.9620,2009-08-17,-5.96,2.3120
1.0230,2009-08-14,-2.39,2.3730
1.0480,2009-08-13,1.85,2.3980
1.0290,2009-08-12,-3.38,2.3790
1.0650,2009-08-11,0.47,2.4150
1.0600,2009-08-10,-0.56,2.4100
1.0660,2009-08-07,-2.56,2.4160
1.0940,2009-08-06,-2.23,2.4440
1.1190,2009-08-05,-1.93,2.4690
1.1410,2009-08-04,0.09,2.4910
1.1400,2009-08-03,0.35,2.4900
1.1360,2009-07-31,2.62,2.4860
1.1070,2009-07-30,1.75,2.4570
1.0880,2009-07-29,-5.39,2.4380
1.1500,2009-07-28,-0.17,2.5000
1.1520,2009-07-27,1.23,2.5020
1.1380,2009-07-24,0.26,2.4880
1.1350,2009-07-23,1.70,2.4850
1.1160,2009-07-22,1.92,2.4660
1.0950,2009-07-21,-1.26,2.4450
1.1090,2009-07-20,1.37,2.4590
1.0940,2009-07-17,0.37,2.4440
1.0900,2009-07-16,0.74,2.4400
1.0820,2009-07-15,0.56,2.4320
1.0760,2009-07-14,2.67,2.4260
1.0480,2009-07-13,-1.50,2.3980
1.0640,2009-07-10,0.00,2.4140
1.0640,2009-07-09,0.85,2.4140
1.0550,2009-07-08,0.76,2.4050
1.0470,2009-07-07,-1.41,2.3970
1.0620,2009-07-06,0.47,2.4120
1.0570,2009-07-03,1.83,2.4070
1.0380,2009-07-02,1.07,2.3880
1.0270,2009-07-01,1.78,2.3770
1.0090,2009-06-30,-0.20,2.3590
1.0110,2009-06-29,2.02,2.3610
0.9910,2009-06-26,0.30,2.3410
0.9880,2009-06-25,0.20,2.3380
0.9860,2009-06-24,0.61,2.3360
0.9800,2009-06-23,-0.20,2.3300
0.9820,2009-06-22,-0.61,2.3320
0.9880,2009-06-19,0.71,2.3380
0.9810,2009-06-18,1.24,2.3310
0.9690,2009-06-17,1.47,2.3190
0.9550,2009-06-16,-0.31,2.3050
0.9580,2009-06-15,1.91,2.3080
0.9400,2009-06-12,-1.47,2.2900
0.9540,2009-06-11,-0.73,2.3040
0.9610,2009-06-10,0.84,2.3110
0.9530,2009-06-09,0.85,2.3030
0.9450,2009-06-08,0.21,2.2950
0.9430,2009-06-05,-0.21,2.2930
0.9450,2009-06-04,-0.21,2.2950
0.9470,2009-06-03,1.18,2.2970
0.9360,2009-06-02,0.32,2.2860
0.9330,2009-06-01,2.64,2.2830
0.9090,2009-05-27,0.89,2.2590
0.9010,2009-05-26,-0.33,2.2510
0.9040,2009-05-25,0.44,2.2540
0.9000,2009-05-22,-0.44,2.2500
0.9040,2009-05-21,-1.95,2.2540
0.9220,2009-05-20,-0.65,2.2720
0.9280,2009-05-19,0.43,2.2780
0.9240,2009-05-18,0.98,2.2740
0.9150,2009-05-15,0.22,2.2650
0.9130,2009-05-14,0.00,2.2630
0.9130,2009-05-13,0.88,2.2630
0.9050,2009-05-12,1.46,2.2550
0.8920,2009-05-11,-1.98,2.2420
0.9100,2009-05-08,0.44,2.2600
0.9060,2009-05-07,-0.55,2.2560
0.9110,2009-05-06,1.11,2.2610
0.9010,2009-05-05,0.22,2.2510
0.8990,2009-05-04,2.28,2.2490
0.8790,2009-04-30,0.80,2.2290
0.8720,2009-04-29,1.75,2.2220
0.8570,2009-04-28,0.59,2.2070
0.8520,2009-04-27,-2.07,2.2020
0.8700,2009-04-24,-0.68,2.2200
0.8760,2009-04-23,0.34,2.2260
0.8730,2009-04-22,-3.11,2.2230
0.9010,2009-04-21,-0.99,2.2510
0.9100,2009-04-20,1.79,2.2600
0.8940,2009-04-17,-1.00,2.2440
0.9030,2009-04-16,0.00,2.2530
0.9030,2009-04-15,0.67,2.2530
0.8970,2009-04-14,0.67,2.2470
0.8910,2009-04-13,1.95,2.2410
0.8740,2009-04-10,2.22,2.2240
0.8550,2009-04-09,0.71,2.2050
0.8490,2009-04-08,-1.85,2.1990
0.8650,2009-04-07,0.35,2.2150
0.8620,2009-04-03,-0.81,2.2120
0.8690,2009-04-02,0.46,2.2190
0.8650,2009-04-01,1.53,2.2150
0.8520,2009-03-31,0.47,2.2020
0.8480,2009-03-30,-0.47,2.1980
0.8520,2009-03-27,0.35,2.2020
0.8490,2009-03-26,1.07,2.1990
0.8400,2009-03-25,-1.98,2.1900
0.8570,2009-03-24,-0.12,2.2070
0.8580,2009-03-23,1.42,2.2080
0.8460,2009-03-20,-0.24,2.1960
0.8480,2009-03-19,1.19,2.1980
0.8380,2009-03-18,0.36,2.1880
0.8350,2009-03-17,2.08,2.1850
0.8180,2009-03-16,0.49,2.1680
0.8140,2009-03-13,-0.37,2.1640
0.8170,2009-03-12,-0.24,2.1670
0.8190,2009-03-11,-0.37,2.1690
0.8220,2009-03-10,1.23,2.1720
0.8120,2009-03-09,-2.64,2.1620
0.8340,2009-03-06,-1.07,2.1840
0.8430,2009-03-05,-0.35,2.1930
0.8460,2009-03-04,4.32,2.1960
0.8110,2009-03-03,-0.25,2.1610
0.8130,2009-03-02,0.62,2.1630
0.8080,2009-02-27,-1.70,2.1580
0.8220,2009-02-26,-3.41,2.1720
0.8510,2009-02-25,-0.23,2.2010
0.8530,2009-02-24,-2.85,2.2030
0.8780,2009-02-23,1.39,2.2280
0.8660,2009-02-20,1.29,2.2160
0.8550,2009-02-19,1.06,2.2050
0.8460,2009-02-18,-3.09,2.1960
0.8730,2009-02-17,-1.58,2.2230
0.8870,2009-02-16,1.60,2.2370
0.8730,2009-02-13,2.59,2.2230
0.8510,2009-02-12,-0.47,2.2010
0.8550,2009-02-11,0.47,2.2050
0.8510,2009-02-10,1.07,2.2010
0.8420,2009-02-09,1.81,2.1920
0.8270,2009-02-06,2.61,2.1770
0.8060,2009-02-05,-0.74,2.1560
0.8120,2009-02-04,0.87,2.1620
0.8050,2009-02-03,1.90,2.1550
0.7900,2009-02-02,0.64,2.1400
0.7850,2009-01-23,-0.38,2.1350
0.7880,2009-01-22,1.03,2.1380
0.7800,2009-01-21,-0.51,2.1300
0.7840,2009-01-20,0.13,2.1340
0.7830,2009-01-19,0.26,2.1330
0.7810,2009-01-16,0.90,2.1310
0.7740,2009-01-15,-0.13,2.1240
0.7750,2009-01-14,2.24,2.1250
0.7580,2009-01-13,-1.94,2.1080
0.7730,2009-01-12,-0.13,2.1230
0.7740,2009-01-09,0.91,2.1240
0.7670,2009-01-08,-1.29,2.1170
0.7770,2009-01-07,-0.38,2.1270
0.7800,2009-01-06,1.83,2.1300
0.7660,2009-01-05,2.54,2.1160
0.7470,2008-12-31,-0.40,2.0970
0.7500,2008-12-30,-0.27,2.1000
0.7520,2008-12-29,0.13,2.1020
0.7510,2008-12-26,-0.40,2.1010
0.7540,2008-12-25,-0.40,2.1040
0.7570,2008-12-24,-0.79,2.1070
0.7630,2008-12-23,-3.17,2.1130
0.7880,2008-12-22,-0.88,2.1380
0.7950,2008-12-19,0.38,2.1450
0.7920,2008-12-18,1.41,2.1420
0.7810,2008-12-17,0.77,2.1310
0.7750,2008-12-16,1.31,2.1250
0.7650,2008-12-15,0.92,2.1150
0.7580,2008-12-12,-3.07,2.1080
0.7820,2008-12-11,-1.64,2.1320
0.7950,2008-12-10,1.40,2.1450
0.7840,2008-12-09,-1.63,2.1340
0.7970,2008-12-08,2.57,2.1470
0.7770,2008-12-05,0.65,2.1270
0.7720,2008-12-04,0.78,2.1220
0.7660,2008-12-03,3.37,2.1160
0.7410,2008-12-02,0.00,2.0910
0.7410,2008-12-01,1.37,2.0910
0.7310,2008-11-28,-0.81,2.0810
0.7370,2008-11-27,1.38,2.0870
0.7270,2008-11-26,0.55,2.0770
0.7230,2008-11-25,-0.14,2.0730
0.7240,2008-11-24,-2.69,2.0740
0.7440,2008-11-21,-0.53,2.0940
0.7480,2008-11-20,-1.32,2.0980
0.7580,2008-11-19,3.98,2.1080
0.7290,2008-11-18,-4.83,2.0790
0.7660,2008-11-17,1.73,2.1160
0.7530,2008-11-14,2.73,2.1030
0.7330,2008-11-13,3.39,2.0830
0.7090,2008-11-12,0.71,2.0590
0.7040,2008-11-11,-0.42,2.0540
0.7070,2008-11-10,5.05,2.0570
0.6730,2008-11-07,0.30,2.0230
0.6710,2008-11-06,-1.90,2.0210
0.6840,2008-11-05,2.40,2.0340
0.6680,2008-11-04,-1.18,2.0180
0.6760,2008-11-03,-0.59,2.0260
0.6800,2008-10-31,-1.31,2.0300
0.6890,2008-10-30,1.03,2.0390
0.6820,2008-10-29,-1.30,2.0320
0.6910,2008-10-28,1.47,2.0410
0.6810,2008-10-27,-4.35,2.0310
0.7120,2008-10-24,-1.25,2.0620
0.7210,2008-10-23,0.00,2.0710
0.7210,2008-10-22,-1.37,2.0710
0.7310,2008-10-21,0.00,2.0810
0.7310,2008-10-20,1.53,2.0810
0.7200,2008-10-17,0.28,2.0700
0.7180,2008-10-16,-3.49,2.0680
0.7440,2008-10-15,-0.93,2.0940
0.7510,2008-10-14,-1.70,2.1010
0.7640,2008-10-13,1.33,2.1140
0.7540,2008-10-10,-3.08,2.1040
0.7780,2008-10-09,-1.14,2.1280
0.7870,2008-10-08,-1.87,2.1370
0.8020,2008-10-07,-0.74,2.1520
0.8080,2008-10-06,-4.04,2.1580
0.8420,2008-09-30,0.00,2.1920
0.8420,2008-09-26,0.48,2.1920
0.8380,2008-09-25,2.82,2.1880
0.8150,2008-09-24,0.99,2.1650
0.8070,2008-09-23,-2.89,2.1570
0.8310,2008-09-22,3.23,2.1810
0.8050,2008-09-19,6.34,2.1550
0.7570,2008-09-18,-1.17,2.1070
0.7660,2008-09-17,-1.54,2.1160
0.7780,2008-09-16,-2.99,2.1280
0.8020,2008-09-12,0.00,2.1520
0.8020,2008-09-11,-1.60,2.1520
0.8150,2008-09-10,-0.12,2.1650
0.8160,2008-09-09,0.62,2.1660
0.8110,2008-09-08,-1.10,2.1610
0.8200,2008-09-05,-1.32,2.1700
0.8310,2008-09-04,0.00,2.1810
0.8310,2008-09-03,-1.42,2.1810
0.8430,2008-09-02,-1.17,2.1930
0.8530,2008-09-01,-1.50,2.2030
0.8660,2008-08-29,1.29,2.2160
0.8550,2008-08-28,0.23,2.2050
0.8530,2008-08-27,-1.50,2.2030
0.8660,2008-08-26,-2.37,2.2160
0.8870,2008-08-25,-0.45,2.2370
0.8910,2008-08-22,-1.44,2.2410
0.9040,2008-08-21,-2.38,2.2540
0.9260,2008-08-20,4.63,2.2760
0.8850,2008-08-19,0.34,2.2350
0.8820,2008-08-18,-3.29,2.2320
0.9120,2008-08-15,0.11,2.2620
0.9110,2008-08-14,0.33,2.2610
0.9080,2008-08-13,0.33,2.2580
0.9050,2008-08-12,0.22,2.2550
0.9030,2008-08-11,-3.11,2.2530
0.9320,2008-08-08,-2.31,2.2820
0.9540,2008-08-07,-0.10,2.3040
0.9550,2008-08-06,-0.31,2.3050
0.9580,2008-08-05,-2.15,2.3080
0.9790,2008-08-04,-0.91,2.3290
0.9880,2008-08-01,0.30,2.3380
0.9850,2008-07-31,-1.70,2.3350
1.0020,2008-07-30,-0.60,2.3520
1.0080,2008-07-29,-0.89,2.3580
1.0170,2008-07-28,0.69,2.3670
1.0100,2008-07-25,-0.59,2.3600
1.0160,2008-07-24,1.50,2.3660
1.0010,2008-07-23,-0.69,2.3510
1.0080,2008-07-22,-0.10,2.3580
1.0090,2008-07-21,2.44,2.3590
0.9850,2008-07-18,1.44,2.3350
0.9710,2008-07-17,-0.21,2.3210
0.9730,2008-07-16,-1.92,2.3230
0.9920,2008-07-15,-2.27,2.3420
1.0150,2008-07-14,0.79,2.3650
1.0070,2008-07-11,-0.40,2.3570
1.0110,2008-07-10,-1.08,2.3610
1.0220,2008-07-09,1.79,2.3720
1.0040,2008-07-08,0.90,2.3540
0.9950,2008-07-07,2.90,2.3450
0.9670,2008-07-04,-0.92,2.3170
0.9760,2008-07-03,2.09,2.3260
0.9560,2008-07-02,0.21,2.3060
0.9540,2008-07-01,-1.55,2.3040
0.9690,2008-06-30,-1.02,2.3190
0.9790,2008-06-27,-3.26,2.3290
1.0120,2008-06-26,0.00,2.3620
1.0120,2008-06-25,2.64,2.3620
0.9860,2008-06-24,1.23,2.3360
0.9740,2008-06-23,-1.72,2.3240
0.9910,2008-06-20,1.33,2.3410
0.9780,2008-06-19,-4.12,2.3280
1.0200,2008-06-18,3.03,2.3700
0.9900,2008-06-17,-2.17,2.3400
1.0120,2008-06-16,-1.08,2.3620
1.0230,2008-06-13,-1.63,2.3730
1.0400,2008-06-12,-1.42,2.3900
1.0550,2008-06-11,-0.75,2.4050
1.0630,2008-06-10,-4.58,2.4130
1.1140,2008-06-06,-0.36,2.4640
1.1180,2008-06-05,-0.89,2.4680
1.1280,2008-06-04,-0.97,2.4780
1.1390,2008-06-03,0.09,2.4890
1.1380,2008-06-02,0.26,2.4880
1.1350,2008-05-30,-0.35,2.4850
1.1390,2008-05-29,-1.39,2.4890
1.1550,2008-05-28,1.76,2.5050
1.1350,2008-05-27,0.09,2.4850
1.1340,2008-05-26,-1.13,2.4840
1.1470,2008-05-23,-0.86,2.4970
1.1570,2008-05-22,-0.86,2.5070
1.1670,2008-05-21,1.13,2.5170
1.1540,2008-05-20,-3.59,2.5040
1.1970,2008-05-19,-0.42,2.5470
1.2020,2008-05-16,-0.25,2.5520
1.2050,2008-05-15,-0.17,2.5550
1.2070,2008-05-14,1.94,2.5570
1.1840,2008-05-13,-0.59,2.5340
1.1910,2008-05-12,0.85,2.5410
1.1810,2008-05-09,-0.34,2.5310
1.1850,2008-05-08,2.51,2.5350
1.1560,2008-05-07,-2.36,2.5060
1.1840,2008-05-06,-0.75,2.5340
1.1930,2008-05-05,1.45,2.5430
1.1760,2008-04-30,2.98,2.5260
1.1420,2008-04-29,1.06,2.4920
1.1300,2008-04-28,-1.40,2.4800
1.1460,2008-04-25,-0.35,2.4960
1.1500,2008-04-24,5.89,2.5000
1.0860,2008-04-23,3.33,2.4360
1.0510,2008-04-22,0.48,2.4010
1.0460,2008-04-21,0.10,2.3960
1.0450,2008-04-18,-1.32,2.3950
1.0590,2008-04-17,-2.04,2.4090
1.0810,2008-04-16,-1.10,2.4310
1.0930,2008-04-15,0.46,2.4430
1.0880,2008-04-14,-3.72,2.4380
1.1300,2008-04-11,0.89,2.4800
1.1200,2008-04-10,0.72,2.4700
1.1120,2008-04-09,-3.22,2.4620
1.1490,2008-04-08,0.97,2.4990
1.1380,2008-04-07,3.55,2.4880
1.0990,2008-04-03,1.10,2.4490
1.0870,2008-04-02,-0.91,2.4370
1.0970,2008-04-01,-3.26,2.4470
1.1340,2008-03-31,-1.82,2.4840
1.1550,2008-03-28,2.85,2.5050
1.1230,2008-03-27,-2.43,2.4730
1.1510,2008-03-26,0.26,2.5010
1.1480,2008-03-25,0.88,2.4980
1.1380,2008-03-24,-3.23,2.4880
1.1760,2008-03-21,0.94,2.5260
1.1650,2008-03-20,2.01,2.5150
1.1420,2008-03-19,2.06,2.4920
1.1190,2008-03-18,-3.28,2.4690
1.1570,2008-03-17,-3.10,2.5070
1.1940,2008-03-14,-1.32,2.5440
1.2100,2008-03-13,-1.71,2.5600
1.2310,2008-03-12,-2.30,2.5810
1.2600,2008-03-11,0.00,2.6100
1.2600,2008-03-10,-3.08,2.6100
1.3000,2008-03-07,-0.61,2.6500
1.3080,2008-03-06,0.54,2.6580
1.3010,2008-03-05,-1.21,2.6510
1.3170,2008-03-04,-1.72,2.6670
1.3400,2008-03-03,2.29,2.6900
1.3100,2008-02-29,0.69,2.6600
1.3010,2008-02-28,-0.08,2.6510
1.3020,2008-02-27,1.56,2.6520
1.2820,2008-02-26,-0.31,2.6320
1.2860,2008-02-25,-2.13,2.6360
1.3140,2008-02-22,-2.81,2.6640
1.3520,2008-02-21,0.07,2.7020
1.3510,2008-02-20,-1.89,2.7010
1.3770,2008-02-19,1.47,2.7270
1.3570,2008-02-18,1.57,2.7070
1.3360,2008-02-15,-1.47,2.6860
1.3560,2008-02-14,0.82,2.7060
1.3450,2008-02-13,-2.04,2.6950
1.3730,2008-02-05,-0.58,2.7230
1.3810,2008-02-04,5.82,2.7310
1.3050,2008-02-01,-0.08,2.6550
1.3060,2008-01-31,-1.29,2.6560
1.3230,2008-01-30,-0.97,2.6730
1.3360,2008-01-29,0.23,2.6860
1.3330,2008-01-28,-4.72,2.6830
1.3990,2008-01-25,0.87,2.7490
1.3870,2008-01-24,0.80,2.7370
1.3760,2008-01-23,3.85,2.7260
1.3250,2008-01-22,-4.68,2.6750
1.3900,2008-01-21,-3.81,2.7400
1.4450,2008-01-18,0.14,2.7950
1.4430,2008-01-17,-1.77,2.7930
1.4690,2008-01-16,-3.16,2.8190
1.5170,2008-01-15,-0.72,2.8670
1.5280,2008-01-14,1.13,2.8780
1.5110,2008-01-11,0.60,2.8610
1.5020,2008-01-10,1.28,2.8520
1.4830,2008-01-09,0.95,2.8330
1.4690,2008-01-08,0.27,2.8190
1.4650,2008-01-07,0.76,2.8150
1.4540,2008-01-04,0.55,2.8040
1.4460,2008-01-03,0.21,2.7960
1.4430,2008-01-02,-0.28,2.7930
1.4470,2007-12-31,0.00,2.7970
1.4470,2007-12-29,0.00,2.7970
1.4470,2007-12-28,0.07,2.7970
1.4460,2007-12-27,1.69,2.7960
1.4220,2007-12-26,0.64,2.7720
1.4130,2007-12-25,0.28,2.7630
1.4090,2007-12-24,1.15,2.7590
1.3930,2007-12-21,1.02,2.7430
1.3790,2007-12-20,1.03,2.7290
1.3650,2007-12-19,1.79,2.7150
1.3410,2007-12-18,0.15,2.6910
1.3390,2007-12-17,-2.69,2.6890
1.3760,2007-12-14,2.30,2.7260
1.3450,2007-12-13,-3.10,2.6950
1.3880,2007-12-12,-1.00,2.7380
1.4020,2007-12-11,-0.07,2.7520
1.4030,2007-12-10,0.79,2.7530
1.3920,2007-12-07,1.61,2.7420
1.3700,2007-12-06,-0.15,2.7200
1.3720,2007-12-05,2.62,2.7220
1.3370,2007-12-04,1.52,2.6870
1.3170,2007-12-03,1.23,2.6670
1.3010,2007-11-30,-1.36,2.6510
1.3190,2007-11-29,3.13,2.6690
1.2790,2007-11-28,-1.62,2.6290
1.3000,2007-11-27,-1.89,2.6500
1.3250,2007-11-26,-1.05,2.6750
1.3390,2007-11-23,1.44,2.6890
1.3200,2007-11-22,-3.93,2.6700
1.3740,2007-11-21,-0.87,2.7240
1.3860,2007-11-20,2.14,2.7360
1.3570,2007-11-19,-0.73,2.7070
1.3670,2007-11-16,-1.80,2.7170
1.3920,2007-11-15,-1.49,2.7420
1.4130,2007-11-14,3.59,2.7630
1.3640,2007-11-13,-0.66,2.7140
1.3730,2007-11-12,0.51,2.7230
1.3660,2007-11-09,-1.23,2.7160
1.3830,2007-11-08,-4.16,2.7330
1.4430,2007-11-07,-0.21,2.7930
1.4460,2007-11-06,0.07,2.7960
1.4450,2007-11-05,-2.30,2.7950
1.4790,2007-11-02,-2.50,2.8290
1.5170,2007-11-01,-1.37,2.8670
1.5380,2007-10-31,1.79,2.8880
1.5110,2007-10-30,0.27,2.8610
1.5070,2007-10-29,1.89,2.8570
1.4790,2007-10-26,1.79,2.8290
1.4530,2007-10-25,-3.13,2.8030
1.5000,2007-10-24,0.94,2.8500
1.4860,2007-10-23,1.57,2.8360
1.4630,2007-10-22,-1.75,2.8130
1.4890,2007-10-19,0.34,2.8390
1.4840,2007-10-18,-3.32,2.8340
1.5350,2007-10-17,-1.35,2.8850
1.5560,2007-10-16,1.43,2.9060
1.5340,2007-10-15,0.99,2.8840
1.5190,2007-10-12,-1.04,2.8690
1.5350,2007-10-11,1.05,2.8850
1.5190,2007-10-10,0.66,2.8690
1.5090,2007-10-09,-0.59,2.8590
1.5180,2007-10-08,1.95,2.8680
1.4890,2007-09-30,0.00,2.8390
1.4890,2007-09-28,2.83,2.8390
1.4480,2007-09-27,0.84,2.7980
1.4360,2007-09-26,-1.31,2.7860
1.4550,2007-09-25,-0.95,2.8050
1.4690,2007-09-24,1.17,2.8190
1.4520,2007-09-21,-1.29,2.8020
1.4710,2007-09-20,0.82,2.8210
1.4590,2007-09-19,-0.75,2.8090
1.4700,2007-09-18,-1.61,2.8200
1.4940,2007-09-17,1.08,2.8440
1.4780,2007-09-14,1.09,2.8280
1.4620,2007-09-13,3.03,2.8120
1.4190,2007-09-12,0.92,2.7690
1.4060,2007-09-11,-3.90,2.7560
1.4630,2007-09-10,1.67,2.8130
1.4390,2007-09-07,-1.77,2.7890
1.4650,2007-09-06,1.17,2.8150
1.4480,2007-09-05,-0.34,2.7980
1.4530,2007-09-04,-2.15,2.8030
1.4850,2007-09-03,2.06,2.8350
1.4550,2007-08-31,2.18,2.8050
1.4240,2007-08-30,0.92,2.7740
1.4110,2007-08-29,-1.60,2.7610
1.4340,2007-08-28,0.21,2.7840
1.4310,2007-08-27,0.56,2.7810
1.4230,2007-08-24,1.35,2.7730
1.4040,2007-08-23,1.30,2.7540
1.3860,2007-08-22,0.95,2.7360
1.3730,2007-08-21,1.25,2.7230
1.3560,2007-08-20,5.61,2.7060
1.2840,2007-08-17,-2.36,2.6340
1.3150,2007-08-16,-2.01,2.6650
1.3420,2007-08-15,0.30,2.6920
1.3380,2007-08-14,0.75,2.6880
1.3280,2007-08-13,-0.15,2.6780
1.3300,2007-08-10,-1.34,2.6800
1.3480,2007-08-09,2.43,2.6980
1.3160,2007-08-08,-1.05,2.6660
1.3300,2007-08-07,0.15,2.6800
1.3280,2007-08-06,1.61,2.6780
1.3070,2007-08-03,3.98,2.6570
1.2570,2007-08-02,2.95,2.6070
1.2210,2007-08-01,-2.48,2.5710
1.2520,2007-07-31,1.38,2.6020
1.2350,2007-07-30,1.81,2.5850
1.2130,2007-07-27,0.00,2.5630
1.2130,2007-07-26,0.58,2.5630
1.2060,2007-07-25,0.67,2.5560
1.1980,2007-07-24,-0.08,2.5480
1.1990,2007-07-23,3.18,2.5490
1.1620,2007-07-20,2.65,2.5120
1.1320,2007-07-19,-0.26,2.4820
1.1350,2007-07-18,0.44,2.4850
1.1300,2007-07-17,1.59,2.4800
2.3230,2007-07-16,-2.02,2.4430
2.3710,2007-07-13,0.34,2.4910
2.3630,2007-07-12,0.98,2.4830
2.3400,2007-07-11,0.04,2.4600
2.3390,2007-07-10,-0.97,2.4590
2.3620,2007-07-09,2.16,2.4820
2.3120,2007-07-06,3.72,2.4320
2.2290,2007-07-05,-4.50,2.3490
2.3340,2007-07-04,-1.64,2.4540
2.3730,2007-07-03,1.32,2.4930
2.3420,2007-07-02,-0.43,2.4620
2.3520,2007-06-30,0.00,2.4720
2.3520,2007-06-29,-2.73,2.4720
2.4180,2007-06-28,-3.70,2.5380
2.5110,2007-06-27,2.36,2.6310
2.4530,2007-06-26,0.95,2.5730
2.4300,2007-06-25,-2.21,2.5500
2.4850,2007-06-22,-1.70,2.6050
2.5280,2007-06-21,1.49,2.6480
2.4910,2007-06-20,-0.95,2.6110
2.5150,2007-06-19,-0.59,2.6350
2.5300,2007-06-18,2.26,2.6500
2.4740,2007-06-15,0.77,2.5940
2.4550,2007-06-14,-0.73,2.5750
2.4730,2007-06-13,1.39,2.5930
2.4390,2007-06-12,2.31,2.5590
2.3840,2007-06-11,4.20,2.5040
2.2880,2007-06-08,0.93,2.4080
2.2670,2007-06-07,2.53,2.3870
2.2110,2007-06-06,1.05,2.3310
2.1880,2007-06-05,3.21,2.3080
2.1200,2007-06-04,-5.99,2.2400
2.2550,2007-06-01,-0.79,2.3750
2.2730,2007-05-31,2.62,2.3930
2.2150,2007-05-30,-6.62,2.3350
2.3720,2007-05-29,2.24,2.4920
2.3200,2007-05-28,2.20,2.4400
2.2700,2007-05-25,2.30,2.3900
2.2190,2007-05-24,-0.76,2.3390
2.2360,2007-05-23,0.68,2.3560
2.2210,2007-05-22,0.45,2.3410
2.2110,2007-05-21,0.55,2.3310
2.1990,2007-05-18,-0.18,2.3190
2.2030,2007-05-17,1.76,2.3230
2.1650,2007-05-16,2.70,2.2850
2.1080,2007-05-15,-2.09,2.2280
2.1530,2007-05-14,1.37,2.2730
2.1240,2007-05-11,-0.65,2.2440
2.1380,2007-05-10,0.56,2.2580
2.1260,2007-05-09,-0.37,2.2460
2.1340,2007-05-08,2.15,2.2540
2.0890,2007-04-30,1.31,2.2090
2.0620,2007-04-27,-2.14,2.1820
2.1070,2007-04-26,0.72,2.2270
2.0920,2007-04-25,0.29,2.2120
2.0860,2007-04-24,0.14,2.2060
2.0830,2007-04-23,2.86,2.2030
2.0250,2007-04-20,3.95,2.1450
1.9480,2007-04-19,-2.89,2.0680
2.0060,2007-04-18,0.45,2.1260
1.9970,2007-04-17,-0.89,2.1170
2.0150,2007-04-16,2.65,2.1350
1.9630,2007-04-13,-0.36,2.0830
1.9700,2007-04-12,1.86,2.0900
1.9340,2007-04-11,1.47,2.0540
1.9060,2007-04-10,1.44,2.0260
1.8790,2007-04-09,0.97,1.9990
1.8610,2007-04-06,0.00,1.9810
1.8610,2007-04-05,0.38,1.9810
1.8540,2007-04-04,0.87,1.9740
1.8380,2007-04-03,0.93,1.9580
1.8210,2007-04-02,2.48,1.9410
1.7770,2007-03-31,0.00,1.8970
1.7770,2007-03-30,-0.11,1.8970
1.7790,2007-03-29,-0.61,1.8990
1.7900,2007-03-28,0.39,1.9100
1.7830,2007-03-27,-0.34,1.9030
1.7890,2007-03-26,1.30,1.9090
1.7660,2007-03-23,-0.06,1.8860
1.7670,2007-03-22,0.86,1.8870
1.7520,2007-03-21,0.52,1.8720
1.7430,2007-03-20,-0.57,1.8630
1.7530,2007-03-19,3.06,1.8730
1.7010,2007-03-16,-1.45,1.8210
1.7260,2007-03-15,1.89,1.8460
1.6940,2007-03-14,-1.22,1.8140
1.7150,2007-03-13,0.18,1.8350
1.7120,2007-03-12,0.29,1.8320
1.7070,2007-03-09,0.00,1.8270
1.7070,2007-03-08,0.71,1.8270
1.6950,2007-03-07,2.48,1.8150
1.6540,2007-03-06,2.61,1.7740
1.6120,2007-03-05,-2.01,1.7320
1.6450,2007-03-02,1.61,1.7650
1.6190,2007-03-01,-2.35,1.7390
1.6580,2007-02-28,1.53,1.7780
1.6330,2007-02-27,-8.10,1.7530
1.7770,2007-02-26,-0.45,1.8970
1.7850,2007-02-16,0.11,1.9050
1.7830,2007-02-15,2.35,1.9030
1.7420,2007-02-14,1.87,1.8620
1.7100,2007-02-13,0.77,1.8300
1.6970,2007-02-12,3.10,1.8170
1.6460,2007-02-09,-0.96,1.7660
1.6620,2007-02-08,0.12,1.7820
1.6600,2007-02-07,2.85,1.7800
1.6140,2007-02-06,0.56,1.7340
1.6050,2007-02-05,-1.95,1.7250
1.6370,2007-02-02,-3.99,1.7570
1.7050,2007-02-01,-0.47,1.8250
1.7130,2007-01-31,-6.05,1.8330
1.9510,2007-01-30,-0.91,1.9510
1.9690,2007-01-29,1.60,1.9690
1.9380,2007-01-26,2.54,1.9380
1.8900,2007-01-25,-2.48,1.8900
1.9380,2007-01-24,1.73,1.9380
1.9050,2007-01-23,1.65,1.9050
1.8740,2007-01-22,3.42,1.8740
1.8120,2007-01-19,2.66,1.8120
1.7650,2007-01-18,-1.12,1.7650
1.7850,2007-01-17,-1.16,1.7850
1.8060,2007-01-16,3.32,1.8060
1.7480,2007-01-15,4.86,1.7480
1.6670,2007-01-12,-0.77,1.6670
1.6800,2007-01-11,-1.47,1.6800
1.7050,2007-01-10,2.34,1.7050
1.6660,2007-01-09,4.85,1.6660
1.5890,2007-01-08,2.12,1.5890
1.5560,2007-01-05,-1.58,1.5560
1.5810,2007-01-04,0.89,1.5810
1.5670,2006-12-31,0.00,1.5670
1.5670,2006-12-29,3.02,1.5670
1.5210,2006-12-28,0.26,1.5210
1.5170,2006-12-27,2.71,1.5170
1.4770,2006-12-26,0.61,1.4770
1.4680,2006-12-25,2.66,1.4680
1.4300,2006-12-22,-0.49,1.4300
1.4370,2006-12-21,-1.78,1.4370
1.4630,2006-12-20,0.14,1.4630
1.4610,2006-12-19,-0.75,1.4610
1.4720,2006-12-18,3.30,1.4720
1.4250,2006-12-15,2.52,1.4250
1.3900,2006-12-14,1.31,1.3900
1.3720,2006-12-13,0.29,1.3720
1.3680,2006-12-12,1.41,1.3680
1.3490,2006-12-11,4.41,1.3490
1.2920,2006-12-08,-2.78,1.2920
1.3290,2006-12-07,0.23,1.3290
1.3260,2006-12-06,-1.19,1.3260
1.3420,2006-12-05,0.37,1.3420
1.3370,2006-12-04,2.77,1.3370
1.3010,2006-12-01,0.77,1.3010
1.2910,2006-11-30,3.61,1.2910
1.2460,2006-11-29,1.96,1.2460
1.2220,2006-11-28,-0.33,1.2220
1.2260,2006-11-27,0.25,1.2260
1.2230,2006-11-24,-0.41,1.2230
1.2280,2006-11-23,0.66,1.2280
1.2200,2006-11-22,0.49,1.2200
1.2140,2006-11-21,0.91,1.2140
1.2030,2006-11-20,2.82,1.2030
1.1700,2006-11-17,1.92,1.1700
1.1480,2006-11-16,0.53,1.1480
1.1420,2006-11-15,3.26,1.1420
1.1060,2006-11-14,0.91,1.1060
1.0960,2006-11-13,-1.53,1.0960
1.1130,2006-11-10,-0.27,1.1130
1.1160,2006-11-09,2.48,1.1160
1.0890,2006-11-08,-1.18,1.0890
1.1020,2006-11-07,0.64,1.1020
1.0950,2006-11-06,1.96,1.0950
1.0740,2006-11-03,0.19,1.0740
1.0720,2006-11-02,-0.46,1.0720
1.0770,2006-11-01,0.47,1.0770
1.0720,2006-10-31,1.32,1.0720
1.0580,2006-10-30,0.28,1.0580
1.0550,2006-10-27,-0.94,1.0550
1.0650,2006-10-26,0.85,1.0650
1.0560,2006-10-25,0.96,1.0560
1.0460,2006-10-24,1.65,1.0460
1.0290,2006-10-23,-1.06,1.0290
1.0400,2006-10-20,0.39,1.0400
1.0360,2006-10-19,0.19,1.0360
1.0340,2006-10-18,1.17,1.0340
1.0220,2006-10-17,-0.20,1.0220
1.0240,2006-10-16,-0.78,1.0240
1.0320,2006-10-13,0.10,1.0320
1.0310,2006-10-12,-0.58,1.0310
1.0370,2006-10-11,-0.19,1.0370
1.0390,2006-10-10,0.10,1.0390
1.0380,2006-10-09,1.07,1.0380
1.0270,2006-09-30,0.00,1.0270
1.0270,2006-09-29,0.49,1.0270
1.0220,2006-09-28,0.79,1.0220
1.0140,2006-09-27,0.30,1.0140
1.0110,2006-09-26,-0.39,1.0110
1.0150,2006-09-25,-0.20,1.0150
1.0170,2006-09-22,-0.10,1.0170
1.0180,2006-09-21,0.30,1.0180
1.0150,2006-09-20,0.10,1.0150
1.0140,2006-09-19,0.30,1.0140
1.0110,2006-09-18,0.10,1.0110
1.0100,2006-09-15,0.50,1.0100
1.0050,2006-09-14,0.10,1.0050
1.0040,2006-09-13,0.10,1.0040
1.0030,2006-09-12,0.20,1.0030
1.0010,2006-09-11,0.10,1.0010
1.0000,2006-09-08,0.10,1.0000
0.9990,2006-09-07,-0.30,0.9990
1.0020,2006-09-06,0.00,1.0020
1.0020,2006-09-05,0.10,1.0020
1.0010,2006-09-04,0.30,1.0010
0.9980,2006-09-01,-0.30,0.9980
1.0010,2006-08-31,0.00,1.0010
1.0010,2006-08-30,0.00,1.0010
1.0010,2006-08-29,0.20,1.0010
0.9990,2006-08-28,0.50,0.9990
0.9940,2006-08-25,0.00,0.9940
0.9940,2006-08-24,0.10,0.9940
0.9930,2006-08-23,0.10,0.9930
0.9920,2006-08-22,0.30,0.9920
0.9890,2006-08-21,0.00,0.9890
0.9890,2006-08-18,0.00,0.9890
0.9890,2006-08-17,-0.30,0.9890
0.9920,2006-08-16,0.30,0.9920
0.9890,2006-08-15,0.20,0.9890
0.9870,2006-08-14,-0.40,0.9870
0.9910,2006-08-11,0.10,0.9910
0.9900,2006-08-10,0.30,0.9900
0.9870,2006-08-09,-0.10,0.9870
0.9880,2006-08-08,0.30,0.9880
0.9850,2006-08-07,0.00,0.9850
0.9850,2006-08-04,-0.51,0.9850
0.9900,2006-07-28,-0.20,0.9900
0.9920,2006-07-21,-0.10,0.9920
0.9930,2006-07-14,-0.70,0.9930
1.0000,2006-07-07,0.00,1.0000
1.0000,2006-06-30,0.00,1.0000
1.0000,2006-06-28,,1.0000
